"../../../Engine/Plugins/2D/Paper2D/Content/PlaceholderTextures/DummySpriteTexture.ubulk" 0
"../../../Engine/Plugins/2D/Paper2D/Content/PlaceholderTextures/DummySpriteTexture.uasset" 1
"../../../Engine/Plugins/2D/Paper2D/Content/PlaceholderTextures/DummySpriteTexture.uexp" 2
"../../../Engine/Plugins/2D/Paper2D/Content/DummySprite.uasset" 3
"../../../Engine/Plugins/2D/Paper2D/Content/DummySprite.uexp" 4
"../../../Engine/Plugins/2D/Paper2D/Content/DefaultPaperTerrainMaterial.uasset" 5
"../../../Engine/Plugins/2D/Paper2D/Content/DefaultPaperTerrainMaterial.uexp" 6
"../../../Engine/Content/Animation/DefaultRecorderBoneCompression.uasset" 7
"../../../Engine/Content/Animation/DefaultRecorderBoneCompression.uexp" 8
"../../../Engine/Content/EngineFonts/Faces/DroidSansFallback.uexp" 9
"../../../Engine/Content/EngineFonts/Faces/DroidSansFallback.uasset" 10
"../../../Engine/Content/EngineFonts/Faces/DroidSansFallback.ufont" 11
"../../../Engine/Content/EngineFonts/Faces/RobotoBold.uexp" 12
"../../../Engine/Content/EngineFonts/Faces/RobotoBold.uasset" 13
"../../../Engine/Content/EngineFonts/Faces/RobotoBold.ufont" 14
"../../../Engine/Content/EngineFonts/Faces/RobotoBoldItalic.uexp" 15
"../../../Engine/Content/EngineFonts/Faces/RobotoBoldItalic.uasset" 16
"../../../Engine/Content/EngineFonts/Faces/RobotoBoldItalic.ufont" 17
"../../../Engine/Content/EngineFonts/Faces/RobotoItalic.uexp" 18
"../../../Engine/Content/EngineFonts/Faces/RobotoItalic.uasset" 19
"../../../Engine/Content/EngineFonts/Faces/RobotoItalic.ufont" 20
"../../../Engine/Content/EngineFonts/Faces/RobotoLight.uexp" 21
"../../../Engine/Content/EngineFonts/Faces/RobotoLight.uasset" 22
"../../../Engine/Content/EngineFonts/Faces/RobotoLight.ufont" 23
"../../../Engine/Content/EngineFonts/Faces/RobotoRegular.uexp" 24
"../../../Engine/Content/EngineFonts/Faces/RobotoRegular.uasset" 25
"../../../Engine/Content/EngineFonts/Faces/RobotoRegular.ufont" 26
"../../../Engine/Content/EngineFonts/Roboto.uasset" 27
"../../../Engine/Content/EngineFonts/Roboto.uexp" 28
"../../../Engine/Content/EngineMaterials/DefaultDestructiblePhysicalMaterial.uasset" 29
"../../../Engine/Content/EngineMaterials/DefaultDestructiblePhysicalMaterial.uexp" 30
"../../../Engine/Content/EngineMaterials/DefaultPhysicalMaterial.uasset" 31
"../../../Engine/Content/EngineMaterials/DefaultPhysicalMaterial.uexp" 32
"../../../Engine/Content/EngineSounds/Master.uasset" 33
"../../../Engine/Content/EngineSounds/Master.uexp" 34
"../../../Engine/Plugins/Animation/ControlRig/Content/Controls/DefaultGizmoLibraryNormalized.uasset" 35
"../../../Engine/Plugins/Animation/ControlRig/Content/Controls/DefaultGizmoLibraryNormalized.uexp" 36
"../../../Engine/Plugins/Experimental/Water/Content/Waves/GerstnerWaves_Lake.uasset" 37
"../../../Engine/Plugins/Experimental/Water/Content/Waves/GerstnerWaves_Lake.uexp" 38
"../../../Engine/Plugins/Experimental/Water/Content/Waves/GerstnerWaves_Ocean.uasset" 39
"../../../Engine/Plugins/Experimental/Water/Content/Waves/GerstnerWaves_Ocean.uexp" 40
"../../../Engine/Plugins/Interchange/Runtime/Content/Pipelines/DefaultAssetsPipeline.uasset" 41
"../../../Engine/Plugins/Interchange/Runtime/Content/Pipelines/DefaultAssetsPipeline.uexp" 42
"../../../Engine/Plugins/Interchange/Runtime/Content/Pipelines/DefaultAudioPipeline.uasset" 43
"../../../Engine/Plugins/Interchange/Runtime/Content/Pipelines/DefaultAudioPipeline.uexp" 44
"../../../Engine/Plugins/Interchange/Runtime/Content/Pipelines/DefaultGLTFAssetsPipeline.uasset" 45
"../../../Engine/Plugins/Interchange/Runtime/Content/Pipelines/DefaultGLTFAssetsPipeline.uexp" 46
"../../../Engine/Plugins/Interchange/Runtime/Content/Pipelines/DefaultGLTFPipeline.uasset" 47
"../../../Engine/Plugins/Interchange/Runtime/Content/Pipelines/DefaultGLTFPipeline.uexp" 48
"../../../Engine/Plugins/Interchange/Runtime/Content/Pipelines/DefaultGLTFSceneAssetsPipeline.uasset" 49
"../../../Engine/Plugins/Interchange/Runtime/Content/Pipelines/DefaultGLTFSceneAssetsPipeline.uexp" 50
"../../../Engine/Plugins/Interchange/Runtime/Content/Pipelines/DefaultMaterialPipeline.uasset" 51
"../../../Engine/Plugins/Interchange/Runtime/Content/Pipelines/DefaultMaterialPipeline.uexp" 52
"../../../Engine/Plugins/Interchange/Runtime/Content/Pipelines/DefaultMaterialXPipeline.uasset" 53
"../../../Engine/Plugins/Interchange/Runtime/Content/Pipelines/DefaultMaterialXPipeline.uexp" 54
"../../../Engine/Plugins/Interchange/Runtime/Content/Pipelines/DefaultSceneAssetsPipeline.uasset" 55
"../../../Engine/Plugins/Interchange/Runtime/Content/Pipelines/DefaultSceneAssetsPipeline.uexp" 56
"../../../Engine/Plugins/Interchange/Runtime/Content/Pipelines/DefaultSceneLevelPipeline.uasset" 57
"../../../Engine/Plugins/Interchange/Runtime/Content/Pipelines/DefaultSceneLevelPipeline.uexp" 58
"../../../Engine/Plugins/Interchange/Runtime/Content/Pipelines/DefaultTexturePipeline.uasset" 59
"../../../Engine/Plugins/Interchange/Runtime/Content/Pipelines/DefaultTexturePipeline.uexp" 60
"../../../Engine/Content/EngineMaterials/T_Default_Material_Grid_M.ubulk" 61
"../../../Engine/Content/EngineMaterials/T_Default_Material_Grid_M.uasset" 62
"../../../Engine/Content/EngineMaterials/T_Default_Material_Grid_M.uexp" 63
"../../../Engine/Content/EngineMaterials/T_Default_Material_Grid_N.ubulk" 64
"../../../Engine/Content/EngineMaterials/T_Default_Material_Grid_N.uasset" 65
"../../../Engine/Content/EngineMaterials/T_Default_Material_Grid_N.uexp" 66
"../../../Engine/Content/Functions/Engine_MaterialFunctions01/Opacity/CameraDepthFade.uasset" 67
"../../../Engine/Content/Functions/Engine_MaterialFunctions01/Opacity/CameraDepthFade.uexp" 68
"../../../Engine/Content/EngineMaterials/WorldGridMaterial.uasset" 69
"../../../Engine/Content/EngineMaterials/WorldGridMaterial.uexp" 70
"../../../Engine/Plugins/Animation/ControlRig/Content/Controls/ControlRig_RoundedSquare_solid.ubulk" 71
"../../../Engine/Plugins/Animation/ControlRig/Content/Controls/ControlRig_RoundedSquare_solid.uasset" 72
"../../../Engine/Plugins/Animation/ControlRig/Content/Controls/ControlRig_RoundedSquare_solid.uexp" 73
"../../../Engine/Content/EngineMaterials/RemoveSurfaceMaterial.uasset" 74
"../../../Engine/Content/EngineMaterials/RemoveSurfaceMaterial.uexp" 75
"../../../Engine/Plugins/Animation/ControlRig/Content/Controls/ControlRig_RoundedTriangle_1mm.ubulk" 76
"../../../Engine/Plugins/Animation/ControlRig/Content/Controls/ControlRig_RoundedTriangle_1mm.uasset" 77
"../../../Engine/Plugins/Animation/ControlRig/Content/Controls/ControlRig_RoundedTriangle_1mm.uexp" 78
"../../../Engine/Plugins/Animation/ControlRig/Content/Controls/ControlRig_RoundedTriangle_3mm.ubulk" 79
"../../../Engine/Plugins/Animation/ControlRig/Content/Controls/ControlRig_RoundedTriangle_3mm.uasset" 80
"../../../Engine/Plugins/Animation/ControlRig/Content/Controls/ControlRig_RoundedTriangle_3mm.uexp" 81
"../../../Engine/Content/EngineMaterials/SMAAAreaTex.uasset" 82
"../../../Engine/Content/EngineMaterials/SMAAAreaTex.uexp" 83
"../../../Engine/Plugins/Animation/ControlRig/Content/Controls/ControlRig_RoundedTriangle_solid.ubulk" 84
"../../../Engine/Plugins/Animation/ControlRig/Content/Controls/ControlRig_RoundedTriangle_solid.uasset" 85
"../../../Engine/Plugins/Animation/ControlRig/Content/Controls/ControlRig_RoundedTriangle_solid.uexp" 86
"../../../Engine/Content/EngineMaterials/SMAASearchTex.uasset" 87
"../../../Engine/Content/EngineMaterials/SMAASearchTex.uexp" 88
"../../../Engine/Plugins/Animation/ControlRig/Content/Controls/ControlRig_Sphere_1mm.ubulk" 89
"../../../Engine/Plugins/Animation/ControlRig/Content/Controls/ControlRig_Sphere_1mm.uasset" 90
"../../../Engine/Plugins/Animation/ControlRig/Content/Controls/ControlRig_Sphere_1mm.uexp" 91
"../../../Engine/Plugins/Animation/ControlRig/Content/Controls/ControlRig_Sphere_3mm.ubulk" 92
"../../../Engine/Plugins/Animation/ControlRig/Content/Controls/ControlRig_Sphere_3mm.uasset" 93
"../../../Engine/Plugins/Animation/ControlRig/Content/Controls/ControlRig_Sphere_3mm.uexp" 94
"../../../Engine/Content/EditorResources/BSPVertex.uasset" 95
"../../../Engine/Content/EditorResources/BSPVertex.uexp" 96
"../../../Engine/Plugins/Animation/ControlRig/Content/Controls/ControlRig_Sphere_solid.ubulk" 97
"../../../Engine/Plugins/Animation/ControlRig/Content/Controls/ControlRig_Sphere_solid.uasset" 98
"../../../Engine/Plugins/Animation/ControlRig/Content/Controls/ControlRig_Sphere_solid.uexp" 99
"../../../Engine/Plugins/Animation/ControlRig/Content/Controls/ControlRig_Square_1mm.ubulk" 100
"../../../Engine/Plugins/Animation/ControlRig/Content/Controls/ControlRig_Square_1mm.uasset" 101
"../../../Engine/Plugins/Animation/ControlRig/Content/Controls/ControlRig_Square_1mm.uexp" 102
"../../../Engine/Plugins/Animation/ControlRig/Content/Controls/ControlRig_Square_3mm.ubulk" 103
"../../../Engine/Plugins/Animation/ControlRig/Content/Controls/ControlRig_Square_3mm.uasset" 104
"../../../Engine/Plugins/Animation/ControlRig/Content/Controls/ControlRig_Square_3mm.uexp" 105
"../../../Engine/Content/EditorResources/S_Actor.ubulk" 106
"../../../Engine/Content/EditorResources/S_Actor.uasset" 107
"../../../Engine/Content/EditorResources/S_Actor.uexp" 108
"../../../Engine/Plugins/Animation/ControlRig/Content/Controls/ControlRig_Square_solid.ubulk" 109
"../../../Engine/Plugins/Animation/ControlRig/Content/Controls/ControlRig_Square_solid.uasset" 110
"../../../Engine/Plugins/Animation/ControlRig/Content/Controls/ControlRig_Square_solid.uexp" 111
"../../../Engine/Plugins/Interchange/Assets/Content/Functions/MX_AbsorptionVDF.uasset" 112
"../../../Engine/Plugins/Interchange/Assets/Content/Functions/MX_AbsorptionVDF.uexp" 113
"../../../Engine/Plugins/Animation/ControlRig/Content/Controls/ControlRig_Star4_1mm.ubulk" 114
"../../../Engine/Plugins/Animation/ControlRig/Content/Controls/ControlRig_Star4_1mm.uasset" 115
"../../../Engine/Plugins/Animation/ControlRig/Content/Controls/ControlRig_Star4_1mm.uexp" 116
"../../../Engine/Content/EditorResources/S_BoxReflectionCapture.uasset" 117
"../../../Engine/Content/EditorResources/S_BoxReflectionCapture.uexp" 118
"../../../Engine/Content/EngineMaterials/WeightMapPlaceholderTexture.uasset" 119
"../../../Engine/Content/EngineMaterials/WeightMapPlaceholderTexture.uexp" 120
"../../../Engine/Content/EngineMaterials/WeightMapArrayPlaceholderTexture.uasset" 121
"../../../Engine/Content/EngineMaterials/WeightMapArrayPlaceholderTexture.uexp" 122
"../../../Engine/Plugins/Animation/ControlRig/Content/Controls/ControlRig_Star4_3mm.ubulk" 123
"../../../Engine/Plugins/Animation/ControlRig/Content/Controls/ControlRig_Star4_3mm.uasset" 124
"../../../Engine/Plugins/Animation/ControlRig/Content/Controls/ControlRig_Star4_3mm.uexp" 125
"../../../Engine/Plugins/Animation/ControlRig/Content/Controls/ControlRig_Star4_solid.ubulk" 126
"../../../Engine/Plugins/Animation/ControlRig/Content/Controls/ControlRig_Star4_solid.uasset" 127
"../../../Engine/Plugins/Animation/ControlRig/Content/Controls/ControlRig_Star4_solid.uexp" 128
"../../../Engine/Plugins/Interchange/Assets/Content/Functions/MX_AnisotropicVDF.uasset" 129
"../../../Engine/Plugins/Interchange/Assets/Content/Functions/MX_AnisotropicVDF.uexp" 130
"../../../Engine/Plugins/Animation/ControlRig/Content/Controls/ControlRig_Triangle_1mm.ubulk" 131
"../../../Engine/Plugins/Animation/ControlRig/Content/Controls/ControlRig_Triangle_1mm.uasset" 132
"../../../Engine/Plugins/Animation/ControlRig/Content/Controls/ControlRig_Triangle_1mm.uexp" 133
"../../../Engine/Content/EngineResources/WhiteSquareTexture.uasset" 134
"../../../Engine/Content/EngineResources/WhiteSquareTexture.uexp" 135
"../../../Engine/Content/EngineMaterials/Widget3DPassThrough.uasset" 136
"../../../Engine/Content/EngineMaterials/Widget3DPassThrough.uexp" 137
"../../../Engine/Content/EngineMaterials/Widget3DPassThrough_Masked.uasset" 138
"../../../Engine/Content/EngineMaterials/Widget3DPassThrough_Masked.uexp" 139
"../../../Engine/Plugins/Animation/ControlRig/Content/Controls/ControlRig_Triangle_3mm.ubulk" 140
"../../../Engine/Plugins/Animation/ControlRig/Content/Controls/ControlRig_Triangle_3mm.uasset" 141
"../../../Engine/Plugins/Animation/ControlRig/Content/Controls/ControlRig_Triangle_3mm.uexp" 142
"../../../Engine/Content/EngineMaterials/Widget3DPassThrough_Opaque.uasset" 143
"../../../Engine/Content/EngineMaterials/Widget3DPassThrough_Opaque.uexp" 144
"../../../Engine/Content/EngineMaterials/Widget3DPassThrough_Masked_OneSided.uasset" 145
"../../../Engine/Content/EngineMaterials/Widget3DPassThrough_Masked_OneSided.uexp" 146
"../../../Engine/Plugins/Interchange/Assets/Content/Functions/MX_BurleyDiffuseBSDF.uasset" 147
"../../../Engine/Plugins/Interchange/Assets/Content/Functions/MX_BurleyDiffuseBSDF.uexp" 148
"../../../Engine/Content/EngineMaterials/Widget3DPassThrough_Opaque_OneSided.uasset" 149
"../../../Engine/Content/EngineMaterials/Widget3DPassThrough_Opaque_OneSided.uexp" 150
"../../../Engine/Plugins/Animation/ControlRig/Content/Controls/ControlRig_Triangle_solid.ubulk" 151
"../../../Engine/Plugins/Animation/ControlRig/Content/Controls/ControlRig_Triangle_solid.uasset" 152
"../../../Engine/Plugins/Animation/ControlRig/Content/Controls/ControlRig_Triangle_solid.uexp" 153
"../../../Engine/Plugins/Animation/ControlRig/Content/Controls/ControlRig_Wedge_1mm.ubulk" 154
"../../../Engine/Plugins/Animation/ControlRig/Content/Controls/ControlRig_Wedge_1mm.uasset" 155
"../../../Engine/Plugins/Animation/ControlRig/Content/Controls/ControlRig_Wedge_1mm.uexp" 156
"../../../Engine/Content/EngineMaterials/Widget3DPassThrough_Translucent.uasset" 157
"../../../Engine/Content/EngineMaterials/Widget3DPassThrough_Translucent.uexp" 158
"../../../Engine/Content/EngineMaterials/Widget3DPassThrough_Translucent_OneSided.uasset" 159
"../../../Engine/Content/EngineMaterials/Widget3DPassThrough_Translucent_OneSided.uexp" 160
"../../../Engine/Plugins/Animation/ControlRig/Content/Controls/ControlRig_Wedge_3mm.ubulk" 161
"../../../Engine/Plugins/Animation/ControlRig/Content/Controls/ControlRig_Wedge_3mm.uasset" 162
"../../../Engine/Plugins/Animation/ControlRig/Content/Controls/ControlRig_Wedge_3mm.uexp" 163
"../../../Engine/Plugins/Interchange/Assets/Content/Functions/MX_ChiangHairBSDF.uasset" 164
"../../../Engine/Plugins/Interchange/Assets/Content/Functions/MX_ChiangHairBSDF.uexp" 165
"../../../Engine/Plugins/Animation/ControlRig/Content/Controls/ControlRig_Wedge_solid.ubulk" 166
"../../../Engine/Plugins/Animation/ControlRig/Content/Controls/ControlRig_Wedge_solid.uasset" 167
"../../../Engine/Plugins/Animation/ControlRig/Content/Controls/ControlRig_Wedge_solid.uexp" 168
"../../../Engine/Plugins/Interchange/Assets/Content/Functions/MX_ConductorBSDF.uasset" 169
"../../../Engine/Plugins/Interchange/Assets/Content/Functions/MX_ConductorBSDF.uexp" 170
"../../../Engine/Plugins/Interchange/Assets/Content/Functions/MX_ConicalEDF.uasset" 171
"../../../Engine/Plugins/Interchange/Assets/Content/Functions/MX_ConicalEDF.uexp" 172
"../../../Engine/Plugins/Interchange/Assets/Content/Functions/MX_DielectricBSDF.uasset" 173
"../../../Engine/Plugins/Interchange/Assets/Content/Functions/MX_DielectricBSDF.uexp" 174
"../../../Engine/Content/Functions/Engine_MaterialFunctions02/Utility/CameraDirectionVector.uasset" 175
"../../../Engine/Content/Functions/Engine_MaterialFunctions02/Utility/CameraDirectionVector.uexp" 176
"../../../Engine/Content/Functions/Engine_MaterialFunctions02/Utility/VectorLength.uasset" 177
"../../../Engine/Content/Functions/Engine_MaterialFunctions02/Utility/VectorLength.uexp" 178
"../../../Engine/Plugins/Experimental/MeshModelingToolsetExp/Content/Materials/GetDisplacementVectorForDepthBias.uasset" 179
"../../../Engine/Plugins/Experimental/MeshModelingToolsetExp/Content/Materials/GetDisplacementVectorForDepthBias.uexp" 180
"../../../Engine/Content/Functions/Engine_MaterialFunctions03/Viewport/MF_OrthoWidth.uasset" 181
"../../../Engine/Content/Functions/Engine_MaterialFunctions03/Viewport/MF_OrthoWidth.uexp" 182
"../../../Engine/Content/Functions/Engine_MaterialFunctions02/Utility/FOV.uasset" 183
"../../../Engine/Content/Functions/Engine_MaterialFunctions02/Utility/FOV.uexp" 184
"../../../Engine/Content/Functions/Engine_MaterialFunctions02/WorldPositionOffset/V2/ObjectScale.uasset" 185
"../../../Engine/Content/Functions/Engine_MaterialFunctions02/WorldPositionOffset/V2/ObjectScale.uexp" 186
"../../../Engine/Plugins/Experimental/MeshModelingToolsetExp/Content/Materials/PointSetOverlaidComponentMaterial.uasset" 187
"../../../Engine/Plugins/Experimental/MeshModelingToolsetExp/Content/Materials/PointSetOverlaidComponentMaterial.uexp" 188
"../../../Engine/Content/Functions/Engine_MaterialFunctions02/Utility/BlendAngleCorrectedNormals.uasset" 189
"../../../Engine/Content/Functions/Engine_MaterialFunctions02/Utility/BlendAngleCorrectedNormals.uexp" 190
"../../../Engine/Plugins/Interchange/Assets/Content/Functions/MX_Displacement.uasset" 191
"../../../Engine/Plugins/Interchange/Assets/Content/Functions/MX_Displacement.uexp" 192
"../../../Engine/Plugins/Interchange/Assets/Content/Functions/MX_GeneralizedSchlickBSDF.uasset" 193
"../../../Engine/Plugins/Interchange/Assets/Content/Functions/MX_GeneralizedSchlickBSDF.uexp" 194
"../../../Engine/Plugins/Interchange/Assets/Content/Functions/MX_MeasuredEDF.uasset" 195
"../../../Engine/Plugins/Interchange/Assets/Content/Functions/MX_MeasuredEDF.uexp" 196
"../../../Engine/Plugins/Interchange/Assets/Content/Functions/MF_IridescenceNoLUT.uasset" 197
"../../../Engine/Plugins/Interchange/Assets/Content/Functions/MF_IridescenceNoLUT.uexp" 198
"../../../Engine/Plugins/Interchange/Assets/Content/Functions/MX_StandardSurface.uasset" 199
"../../../Engine/Plugins/Interchange/Assets/Content/Functions/MX_StandardSurface.uexp" 200
"../../../Engine/Plugins/Interchange/Assets/Content/Functions/MX_OpenPBR_Opaque.uasset" 201
"../../../Engine/Plugins/Interchange/Assets/Content/Functions/MX_OpenPBR_Opaque.uexp" 202
"../../../Engine/Content/EngineMeshes/Sphere.ubulk" 203
"../../../Engine/Content/EngineMeshes/Sphere.uasset" 204
"../../../Engine/Content/EngineMeshes/Sphere.uexp" 205
"../../../Engine/Plugins/Interchange/Assets/Content/Functions/MX_TransmissionSurface.uasset" 206
"../../../Engine/Plugins/Interchange/Assets/Content/Functions/MX_TransmissionSurface.uexp" 207
"../../../Engine/Plugins/Interchange/Assets/Content/Functions/MX_OpenPBR_Translucent.uasset" 208
"../../../Engine/Plugins/Interchange/Assets/Content/Functions/MX_OpenPBR_Translucent.uexp" 209
"../../../Engine/Content/EditorResources/S_Solver.ubulk" 210
"../../../Engine/Content/EditorResources/S_Solver.uasset" 211
"../../../Engine/Content/EditorResources/S_Solver.uexp" 212
"../../../Engine/Plugins/Interchange/Assets/Content/Functions/MX_OrenNayarBSDF.uasset" 213
"../../../Engine/Plugins/Interchange/Assets/Content/Functions/MX_OrenNayarBSDF.uexp" 214
"../../../Engine/Content/EditorResources/S_Trigger.ubulk" 215
"../../../Engine/Content/EditorResources/S_Trigger.uasset" 216
"../../../Engine/Content/EditorResources/S_Trigger.uexp" 217
"../../../Engine/Content/EditorResources/S_TriggerBox.uasset" 218
"../../../Engine/Content/EditorResources/S_TriggerBox.uexp" 219
"../../../Engine/Plugins/Interchange/Assets/Content/Functions/MX_SheenBSDF.uasset" 220
"../../../Engine/Plugins/Interchange/Assets/Content/Functions/MX_SheenBSDF.uexp" 221
"../../../Engine/Content/EditorResources/S_TriggerCapsule.uasset" 222
"../../../Engine/Content/EditorResources/S_TriggerCapsule.uexp" 223
"../../../Engine/Content/EditorResources/S_TriggerSphere.uasset" 224
"../../../Engine/Content/EditorResources/S_TriggerSphere.uexp" 225
"../../../Engine/Content/EngineResources/Black.uasset" 226
"../../../Engine/Content/EngineResources/Black.uexp" 227
"../../../Engine/Plugins/Interchange/Assets/Content/Functions/MX_SubsurfaceBSDF.uasset" 228
"../../../Engine/Plugins/Interchange/Assets/Content/Functions/MX_SubsurfaceBSDF.uexp" 229
"../../../Engine/Plugins/Interchange/Assets/Content/Functions/MX_Surface.uasset" 230
"../../../Engine/Plugins/Interchange/Assets/Content/Functions/MX_Surface.uexp" 231
"../../../Engine/Plugins/Interchange/Assets/Content/Functions/MX_SurfaceUnlit.uasset" 232
"../../../Engine/Plugins/Interchange/Assets/Content/Functions/MX_SurfaceUnlit.uexp" 233
"../../../Engine/Plugins/Interchange/Assets/Content/Functions/MX_TranslucentBSDF.uasset" 234
"../../../Engine/Plugins/Interchange/Assets/Content/Functions/MX_TranslucentBSDF.uexp" 235
"../../../Engine/Content/EngineResources/DefaultTextureCube.uasset" 236
"../../../Engine/Content/EngineResources/DefaultTextureCube.uexp" 237
"../../../Engine/Plugins/Interchange/Assets/Content/Functions/MX_UniformEDF.uasset" 238
"../../../Engine/Plugins/Interchange/Assets/Content/Functions/MX_UniformEDF.uexp" 239
"../../../Engine/Plugins/Interchange/Assets/Content/Functions/MX_UsdPreviewSurface.uasset" 240
"../../../Engine/Plugins/Interchange/Assets/Content/Functions/MX_UsdPreviewSurface.uexp" 241
"../../../Engine/Plugins/Experimental/Water/Content/Curves/FloatCurve.uasset" 242
"../../../Engine/Plugins/Experimental/Water/Content/Curves/FloatCurve.uexp" 243
"../../../Engine/Plugins/Experimental/Water/Content/Curves/FloatCurve_WaterBodyIsland.uasset" 244
"../../../Engine/Plugins/Experimental/Water/Content/Curves/FloatCurve_WaterBodyIsland.uexp" 245
"../../../Engine/Content/EngineResources/GradientTexture0.uasset" 246
"../../../Engine/Content/EngineResources/GradientTexture0.uexp" 247
"../../../Engine/Content/EngineDamageTypes/DmgTypeBP_Environmental.uasset" 248
"../../../Engine/Content/EngineDamageTypes/DmgTypeBP_Environmental.uexp" 249
"../../../Engine/Plugins/Experimental/Water/Content/Icons/WaterBodyExclusionVolumeSprite.uasset" 250
"../../../Engine/Plugins/Experimental/Water/Content/Icons/WaterBodyExclusionVolumeSprite.uexp" 251
"../../../Engine/Content/EngineResources/LandscapeVisibilityLayerInfo.uasset" 252
"../../../Engine/Content/EngineResources/LandscapeVisibilityLayerInfo.uexp" 253
"../../../Engine/Plugins/Experimental/Water/Content/Icons/WaterBodyIslandSprite.uasset" 254
"../../../Engine/Plugins/Experimental/Water/Content/Icons/WaterBodyIslandSprite.uexp" 255
"../../../Engine/Plugins/Experimental/Water/Content/Icons/WaterErrorSprite.ubulk" 256
"../../../Engine/Plugins/Experimental/Water/Content/Icons/WaterErrorSprite.uasset" 257
"../../../Engine/Plugins/Experimental/Water/Content/Icons/WaterErrorSprite.uexp" 258
"../../../Engine/Plugins/Experimental/Water/Content/Icons/WaterLandscapeBrushSprite.ubulk" 259
"../../../Engine/Plugins/Experimental/Water/Content/Icons/WaterLandscapeBrushSprite.uasset" 260
"../../../Engine/Plugins/Experimental/Water/Content/Icons/WaterLandscapeBrushSprite.uexp" 261
"../../../Engine/Plugins/Experimental/Water/Content/Icons/WaterSprite.uasset" 262
"../../../Engine/Plugins/Experimental/Water/Content/Icons/WaterSprite.uexp" 263
"../../../Engine/Plugins/Experimental/Water/Content/Icons/WaterZoneActorSprite.ubulk" 264
"../../../Engine/Plugins/Experimental/Water/Content/Icons/WaterZoneActorSprite.uasset" 265
"../../../Engine/Plugins/Experimental/Water/Content/Icons/WaterZoneActorSprite.uexp" 266
"../../../Engine/Content/EngineDebugMaterials/DebugEditorMaterial.uasset" 267
"../../../Engine/Content/EngineDebugMaterials/DebugEditorMaterial.uexp" 268
"../../../Engine/Content/EngineDebugMaterials/DebugMeshMaterial.uasset" 269
"../../../Engine/Content/EngineDebugMaterials/DebugMeshMaterial.uexp" 270
"../../../Engine/Plugins/Experimental/Water/Content/Meshes/LakeMesh.ubulk" 271
"../../../Engine/Plugins/Experimental/Water/Content/Meshes/LakeMesh.uasset" 272
"../../../Engine/Plugins/Experimental/Water/Content/Meshes/LakeMesh.uexp" 273
"../../../Engine/Plugins/Experimental/Water/Content/Meshes/RiverMesh.ubulk" 274
"../../../Engine/Plugins/Experimental/Water/Content/Meshes/RiverMesh.uasset" 275
"../../../Engine/Plugins/Experimental/Water/Content/Meshes/RiverMesh.uexp" 276
"../../../Engine/Content/EngineDebugMaterials/M_SimpleUnlitTranslucent.uasset" 277
"../../../Engine/Content/EngineDebugMaterials/M_SimpleUnlitTranslucent.uexp" 278
"../../../Engine/Content/EngineDebugMaterials/VolumeToRender.uasset" 279
"../../../Engine/Content/EngineDebugMaterials/VolumeToRender.uexp" 280
"../../../Engine/Content/EngineDebugMaterials/M_VolumeRenderSphereTracePP.uasset" 281
"../../../Engine/Content/EngineDebugMaterials/M_VolumeRenderSphereTracePP.uexp" 282
"../../../Engine/Plugins/Interchange/Assets/Content/Substrate/MX_SimpleVolume.uasset" 283
"../../../Engine/Plugins/Interchange/Assets/Content/Substrate/MX_SimpleVolume.uexp" 284
"../../../Engine/Plugins/NNE/NNEDenoiser/Content/NNE_oidn2-3-0_rt_hdr_alb_nrm__dyn__fp16_opset11_ForwardAlpha.uasset" 285
"../../../Engine/Plugins/NNE/NNEDenoiser/Content/NNE_oidn2-3-0_rt_hdr_alb_nrm__dyn__fp16_opset11_ForwardAlpha.uexp" 286
"../../../Engine/Plugins/NNE/NNEDenoiser/Content/NNE_oidn2-3-0_rt_hdr_calb_cnrm_large__dyn__fp16_opset11_DenoiseAlpha.uasset" 287
"../../../Engine/Plugins/NNE/NNEDenoiser/Content/NNE_oidn2-3-0_rt_hdr_calb_cnrm_large__dyn__fp16_opset11_DenoiseAlpha.uexp" 288
"../../../Engine/Plugins/NNE/NNEDenoiser/Content/NNE_oidn2-3-0_rt_hdr_calb_cnrm_large__dyn__fp16_opset11_ForwardAlpha.uasset" 289
"../../../Engine/Plugins/NNE/NNEDenoiser/Content/NNE_oidn2-3-0_rt_hdr_calb_cnrm_large__dyn__fp16_opset11_ForwardAlpha.uexp" 290
"../../../Engine/Content/Functions/Engine_MaterialFunctions02/Utility/MakeFloat3.uasset" 291
"../../../Engine/Content/Functions/Engine_MaterialFunctions02/Utility/MakeFloat3.uexp" 292
"../../../Engine/Content/Functions/Engine_MaterialFunctions02/SplitComponents.uasset" 293
"../../../Engine/Content/Functions/Engine_MaterialFunctions02/SplitComponents.uexp" 294
"../../../Engine/Content/Functions/Engine_MaterialFunctions02/Utility/BreakOutFloat3Components.uasset" 295
"../../../Engine/Content/Functions/Engine_MaterialFunctions02/Utility/BreakOutFloat3Components.uexp" 296
"../../../Engine/Content/Functions/Engine_MaterialFunctions02/Math/Transform3x3Matrix.uasset" 297
"../../../Engine/Content/Functions/Engine_MaterialFunctions02/Math/Transform3x3Matrix.uexp" 298
"../../../Engine/Content/VREditor/SnapGrid/SnapGridMaterial.uasset" 299
"../../../Engine/Content/VREditor/SnapGrid/SnapGridMaterial.uexp" 300
"../../../Engine/Content/VREditor/SnapGrid/SnapGridPlaneMesh.ubulk" 301
"../../../Engine/Content/VREditor/SnapGrid/SnapGridPlaneMesh.uasset" 302
"../../../Engine/Content/VREditor/SnapGrid/SnapGridPlaneMesh.uexp" 303
"../../../Engine/Content/VREditor/LaserPointer/VR_LaserPower_01.ubulk" 304
"../../../Engine/Content/VREditor/LaserPointer/VR_LaserPower_01.uasset" 305
"../../../Engine/Content/VREditor/LaserPointer/VR_LaserPower_01.uexp" 306
"../../../Engine/Content/VREditor/TransformGizmo/TransformGizmoMaterial.uasset" 307
"../../../Engine/Content/VREditor/TransformGizmo/TransformGizmoMaterial.uexp" 308
"../../../Engine/Content/VREditor/TransformGizmo/TranslucentTransformGizmoMaterial.uasset" 309
"../../../Engine/Content/VREditor/TransformGizmo/TranslucentTransformGizmoMaterial.uexp" 310
"../../../Engine/Content/VREditor/TransformGizmo/PlaneTranslationHandle.ubulk" 311
"../../../Engine/Content/VREditor/TransformGizmo/PlaneTranslationHandle.uasset" 312
"../../../Engine/Content/VREditor/TransformGizmo/PlaneTranslationHandle.uexp" 313
"../../../Engine/Content/VREditor/TransformGizmo/RotationHandleFull.ubulk" 314
"../../../Engine/Content/VREditor/TransformGizmo/RotationHandleFull.uasset" 315
"../../../Engine/Content/VREditor/TransformGizmo/RotationHandleFull.uexp" 316
"../../../Engine/Content/VREditor/TransformGizmo/RotationHandleIndicator.ubulk" 317
"../../../Engine/Content/VREditor/TransformGizmo/RotationHandleIndicator.uasset" 318
"../../../Engine/Content/VREditor/TransformGizmo/RotationHandleIndicator.uexp" 319
"../../../Engine/Content/VREditor/TransformGizmo/RotationHandleQuarter.ubulk" 320
"../../../Engine/Content/VREditor/TransformGizmo/RotationHandleQuarter.uasset" 321
"../../../Engine/Content/VREditor/TransformGizmo/RotationHandleQuarter.uexp" 322
"../../../Engine/Content/VREditor/TransformGizmo/StartRotationHandleIndicator.ubulk" 323
"../../../Engine/Content/VREditor/TransformGizmo/StartRotationHandleIndicator.uasset" 324
"../../../Engine/Content/VREditor/TransformGizmo/StartRotationHandleIndicator.uexp" 325
"../../../Engine/Content/VREditor/TransformGizmo/TranslucentTransformGizmoMaterial_Inst.uasset" 326
"../../../Engine/Content/VREditor/TransformGizmo/TranslucentTransformGizmoMaterial_Inst.uexp" 327
"../../../Engine/Content/VREditor/TransformGizmo/TransformGizmoFreeRotation.ubulk" 328
"../../../Engine/Content/VREditor/TransformGizmo/TransformGizmoFreeRotation.uasset" 329
"../../../Engine/Content/VREditor/TransformGizmo/TransformGizmoFreeRotation.uexp" 330
"../../../Engine/Content/VREditor/TransformGizmo/TransformGizmoMaterial_Inst.uasset" 331
"../../../Engine/Content/VREditor/TransformGizmo/TransformGizmoMaterial_Inst.uexp" 332
"../../../Engine/Content/VREditor/TransformGizmo/TranslateArrowHandle.ubulk" 333
"../../../Engine/Content/VREditor/TransformGizmo/TranslateArrowHandle.uasset" 334
"../../../Engine/Content/VREditor/TransformGizmo/TranslateArrowHandle.uexp" 335
"../../../Engine/Content/VREditor/TransformGizmo/UniformScaleHandle.ubulk" 336
"../../../Engine/Content/VREditor/TransformGizmo/UniformScaleHandle.uasset" 337
"../../../Engine/Content/VREditor/TransformGizmo/UniformScaleHandle.uexp" 338
"../../../Engine/Content/VREditor/Sounds/UI/Drop_Item_From_ContentBrowser.ubulk" 339
"../../../Engine/Content/VREditor/Sounds/UI/Drop_Item_From_ContentBrowser.uasset" 340
"../../../Engine/Content/VREditor/Sounds/UI/Drop_Item_From_ContentBrowser.uexp" 341
"../../../Engine/Content/VREditor/Sounds/UI/Gizmo_Handle_Clicked.ubulk" 342
"../../../Engine/Content/VREditor/Sounds/UI/Gizmo_Handle_Clicked.uasset" 343
"../../../Engine/Content/VREditor/Sounds/UI/Gizmo_Handle_Clicked.uexp" 344
"../../../Engine/Content/VREditor/Sounds/UI/Object_PickUp.ubulk" 345
"../../../Engine/Content/VREditor/Sounds/UI/Object_PickUp.uasset" 346
"../../../Engine/Content/VREditor/Sounds/UI/Object_PickUp.uexp" 347
"../../../Engine/Content/VREditor/Sounds/UI/Object_Snaps_To_Another_Actor.ubulk" 348
"../../../Engine/Content/VREditor/Sounds/UI/Object_Snaps_To_Another_Actor.uasset" 349
"../../../Engine/Content/VREditor/Sounds/UI/Object_Snaps_To_Another_Actor.uexp" 350
"../../../Engine/Content/VREditor/Sounds/UI/Object_Snaps_To_Grid.ubulk" 351
"../../../Engine/Content/VREditor/Sounds/UI/Object_Snaps_To_Grid.uasset" 352
"../../../Engine/Content/VREditor/Sounds/UI/Object_Snaps_To_Grid.uexp" 353
"../../../Engine/Content/VREditor/Sounds/UI/Scaling_Down.ubulk" 354
"../../../Engine/Content/VREditor/Sounds/UI/Scaling_Down.uasset" 355
"../../../Engine/Content/VREditor/Sounds/UI/Scaling_Down.uexp" 356
"../../../Engine/Content/VREditor/Sounds/UI/Scaling_Up.ubulk" 357
"../../../Engine/Content/VREditor/Sounds/UI/Scaling_Up.uasset" 358
"../../../Engine/Content/VREditor/Sounds/UI/Scaling_Up.uexp" 359
"../../../Engine/Content/VREditor/Sounds/UI/Selection_Changes.ubulk" 360
"../../../Engine/Content/VREditor/Sounds/UI/Selection_Changes.uasset" 361
"../../../Engine/Content/VREditor/Sounds/UI/Selection_Changes.uexp" 362
"../../../Engine/Content/EditorBlueprintResources/StandardMacros.uasset" 363
"../../../Engine/Content/EditorBlueprintResources/StandardMacros.uexp" 364
"../../../Engine/Content/EngineSky/C_Sky_Cloud_Color.uasset" 365
"../../../Engine/Content/EngineSky/C_Sky_Cloud_Color.uexp" 366
"../../../Engine/Content/EngineSky/C_Sky_Horizon_Color.uasset" 367
"../../../Engine/Content/EngineSky/C_Sky_Horizon_Color.uexp" 368
"../../../Engine/Content/EngineSky/C_Sky_Zenith_Color.uasset" 369
"../../../Engine/Content/EngineSky/C_Sky_Zenith_Color.uexp" 370
"../../../Engine/Content/EngineSky/T_Sky_Blue.ubulk" 371
"../../../Engine/Content/EngineSky/T_Sky_Blue.uasset" 372
"../../../Engine/Content/EngineSky/T_Sky_Blue.uexp" 373
"../../../Engine/Content/EngineSky/T_Sky_Clouds_M.ubulk" 374
"../../../Engine/Content/EngineSky/T_Sky_Clouds_M.uasset" 375
"../../../Engine/Content/EngineSky/T_Sky_Clouds_M.uexp" 376
"../../../Engine/Content/EngineSky/T_Sky_Stars.ubulk" 377
"../../../Engine/Content/EngineSky/T_Sky_Stars.uasset" 378
"../../../Engine/Content/EngineSky/T_Sky_Stars.uexp" 379
"../../../Engine/Content/EngineSky/M_Sky_Panning_Clouds2.uasset" 380
"../../../Engine/Content/EngineSky/M_Sky_Panning_Clouds2.uexp" 381
"../../../Engine/Content/EngineSky/SM_SkySphere.ubulk" 382
"../../../Engine/Content/EngineSky/SM_SkySphere.uasset" 383
"../../../Engine/Content/EngineSky/SM_SkySphere.uexp" 384
"../../../Engine/Content/EngineSky/BP_Sky_Sphere.uasset" 385
"../../../Engine/Content/EngineSky/BP_Sky_Sphere.uexp" 386
"../../../Engine/Plugins/Runtime/SunPosition/Content/Editor/M_ArrowColor.uasset" 387
"../../../Engine/Plugins/Runtime/SunPosition/Content/Editor/M_ArrowColor.uexp" 388
"../../../Engine/Plugins/Runtime/SunPosition/Content/Editor/MI_ArrowColorGrey.uasset" 389
"../../../Engine/Plugins/Runtime/SunPosition/Content/Editor/MI_ArrowColorGrey.uexp" 390
"../../../Engine/Plugins/Runtime/SunPosition/Content/Editor/MI_ArrowColorRed.uasset" 391
"../../../Engine/Plugins/Runtime/SunPosition/Content/Editor/MI_ArrowColorRed.uexp" 392
"../../../Engine/Plugins/Runtime/SunPosition/Content/Editor/SM_Compass.ubulk" 393
"../../../Engine/Plugins/Runtime/SunPosition/Content/Editor/SM_Compass.uasset" 394
"../../../Engine/Plugins/Runtime/SunPosition/Content/Editor/SM_Compass.uexp" 395
"../../../Engine/Plugins/Runtime/SunPosition/Content/SunSky.uasset" 396
"../../../Engine/Plugins/Runtime/SunPosition/Content/SunSky.uexp" 397
"../../../Engine/Content/EngineMaterials/DefaultBloomKernel.uasset" 398
"../../../Engine/Content/EngineMaterials/DefaultBloomKernel.uexp" 399
"../../../Engine/Plugins/Animation/ControlRig/Content/Controls/ControlRigGizmoMaterial.uasset" 400
"../../../Engine/Plugins/Animation/ControlRig/Content/Controls/ControlRigGizmoMaterial.uexp" 401
"../../../Engine/Content/EngineMaterials/DefaultBokeh.uasset" 402
"../../../Engine/Content/EngineMaterials/DefaultBokeh.uexp" 403
"../../../Engine/Plugins/Animation/ControlRig/Content/Controls/ControlRigXRayMaterial.uasset" 404
"../../../Engine/Plugins/Animation/ControlRig/Content/Controls/ControlRigXRayMaterial.uexp" 405
"../../../Engine/Plugins/Runtime/AudioWidgets/Content/Resources/ScrubHandleDown_Clamped.uasset" 406
"../../../Engine/Plugins/Runtime/AudioWidgets/Content/Resources/ScrubHandleDown_Clamped.uexp" 407
"../../../Engine/Plugins/Animation/ControlRig/Content/Controls/ControlRig_Arrow2_1mm.ubulk" 408
"../../../Engine/Plugins/Animation/ControlRig/Content/Controls/ControlRig_Arrow2_1mm.uasset" 409
"../../../Engine/Plugins/Animation/ControlRig/Content/Controls/ControlRig_Arrow2_1mm.uexp" 410
"../../../Engine/Plugins/Animation/ControlRig/Content/Controls/ControlRig_Arrow2_3mm.ubulk" 411
"../../../Engine/Plugins/Animation/ControlRig/Content/Controls/ControlRig_Arrow2_3mm.uasset" 412
"../../../Engine/Plugins/Animation/ControlRig/Content/Controls/ControlRig_Arrow2_3mm.uexp" 413
"../../../Engine/Plugins/Animation/ControlRig/Content/Controls/ControlRig_Arrow2_solid.ubulk" 414
"../../../Engine/Plugins/Animation/ControlRig/Content/Controls/ControlRig_Arrow2_solid.uasset" 415
"../../../Engine/Plugins/Animation/ControlRig/Content/Controls/ControlRig_Arrow2_solid.uexp" 416
"../../../Engine/Content/EngineMaterials/DefaultDiffuse.ubulk" 417
"../../../Engine/Content/EngineMaterials/DefaultDiffuse.uasset" 418
"../../../Engine/Content/EngineMaterials/DefaultDiffuse.uexp" 419
"../../../Engine/Content/EngineMaterials/DefaultDeferredDecalMaterial.uasset" 420
"../../../Engine/Content/EngineMaterials/DefaultDeferredDecalMaterial.uexp" 421
"../../../Engine/Plugins/Animation/ControlRig/Content/Controls/ControlRig_Arrow4_1mm.ubulk" 422
"../../../Engine/Plugins/Animation/ControlRig/Content/Controls/ControlRig_Arrow4_1mm.uasset" 423
"../../../Engine/Plugins/Animation/ControlRig/Content/Controls/ControlRig_Arrow4_1mm.uexp" 424
"../../../Engine/Plugins/Animation/ControlRig/Content/Controls/ControlRig_Arrow4_3mm.ubulk" 425
"../../../Engine/Plugins/Animation/ControlRig/Content/Controls/ControlRig_Arrow4_3mm.uasset" 426
"../../../Engine/Plugins/Animation/ControlRig/Content/Controls/ControlRig_Arrow4_3mm.uexp" 427
"../../../Engine/Content/EngineMaterials/DefaultLightFunctionMaterial.uasset" 428
"../../../Engine/Content/EngineMaterials/DefaultLightFunctionMaterial.uexp" 429
"../../../Engine/Plugins/Animation/ControlRig/Content/Controls/ControlRig_Arrow4_solid.ubulk" 430
"../../../Engine/Plugins/Animation/ControlRig/Content/Controls/ControlRig_Arrow4_solid.uasset" 431
"../../../Engine/Plugins/Animation/ControlRig/Content/Controls/ControlRig_Arrow4_solid.uexp" 432
"../../../Engine/Plugins/Animation/ControlRig/Content/Controls/ControlRig_Arrow_1mm.ubulk" 433
"../../../Engine/Plugins/Animation/ControlRig/Content/Controls/ControlRig_Arrow_1mm.uasset" 434
"../../../Engine/Plugins/Animation/ControlRig/Content/Controls/ControlRig_Arrow_1mm.uexp" 435
"../../../Engine/Content/Functions/Engine_MaterialFunctions02/Utility/BreakOutFloat2Components.uasset" 436
"../../../Engine/Content/Functions/Engine_MaterialFunctions02/Utility/BreakOutFloat2Components.uexp" 437
"../../../Engine/Content/EngineMaterials/DefaultPostProcessMaterial.uasset" 438
"../../../Engine/Content/EngineMaterials/DefaultPostProcessMaterial.uexp" 439
"../../../Engine/Plugins/Animation/ControlRig/Content/Controls/ControlRig_Arrow_3mm.ubulk" 440
"../../../Engine/Plugins/Animation/ControlRig/Content/Controls/ControlRig_Arrow_3mm.uasset" 441
"../../../Engine/Plugins/Animation/ControlRig/Content/Controls/ControlRig_Arrow_3mm.uexp" 442
"../../../Engine/Content/EngineFonts/RobotoDistanceField.uasset" 443
"../../../Engine/Content/EngineFonts/RobotoDistanceField.uexp" 444
"../../../Engine/Content/EngineMaterials/DefaultTextMaterialOpaque.uasset" 445
"../../../Engine/Content/EngineMaterials/DefaultTextMaterialOpaque.uexp" 446
"../../../Engine/Plugins/Animation/ControlRig/Content/Controls/ControlRig_Arrow_solid.ubulk" 447
"../../../Engine/Plugins/Animation/ControlRig/Content/Controls/ControlRig_Arrow_solid.uasset" 448
"../../../Engine/Plugins/Animation/ControlRig/Content/Controls/ControlRig_Arrow_solid.uexp" 449
"../../../Engine/Content/EngineMaterials/DefaultWhiteGrid.ubulk" 450
"../../../Engine/Content/EngineMaterials/DefaultWhiteGrid.uasset" 451
"../../../Engine/Content/EngineMaterials/DefaultWhiteGrid.uexp" 452
"../../../Engine/Plugins/Animation/ControlRig/Content/Controls/ControlRig_Box_1mm.ubulk" 453
"../../../Engine/Plugins/Animation/ControlRig/Content/Controls/ControlRig_Box_1mm.uasset" 454
"../../../Engine/Plugins/Animation/ControlRig/Content/Controls/ControlRig_Box_1mm.uexp" 455
"../../../Engine/Plugins/Animation/ControlRig/Content/Controls/ControlRig_Box_3mm.ubulk" 456
"../../../Engine/Plugins/Animation/ControlRig/Content/Controls/ControlRig_Box_3mm.uasset" 457
"../../../Engine/Plugins/Animation/ControlRig/Content/Controls/ControlRig_Box_3mm.uexp" 458
"C:/Users/zegam/source/repos/projeto-integrador-pe01-unrealengine-2026/Content/Fab/thai_beach_sand_tdsmeeko_8k/Thai_Beach_Sand_tdsmeeko_8K_AO.uexp" 459
"C:/Users/zegam/source/repos/projeto-integrador-pe01-unrealengine-2026/Content/Fab/thai_beach_sand_tdsmeeko_8k/Thai_Beach_Sand_tdsmeeko_8K_AO.ubulk" 460
"C:/Users/zegam/source/repos/projeto-integrador-pe01-unrealengine-2026/Content/Fab/thai_beach_sand_tdsmeeko_8k/Thai_Beach_Sand_tdsmeeko_8K_AO.uasset" 461
"C:/Users/zegam/source/repos/projeto-integrador-pe01-unrealengine-2026/Content/Fab/thai_beach_sand_tdsmeeko_8k/Thai_Beach_Sand_tdsmeeko_8K_AO.uptnl" 462
"C:/Users/zegam/source/repos/projeto-integrador-pe01-unrealengine-2026/Content/Fab/thai_beach_sand_tdsmeeko_8k/Thai_Beach_Sand_tdsmeeko_8K_BaseColor.uexp" 463
"C:/Users/zegam/source/repos/projeto-integrador-pe01-unrealengine-2026/Content/Fab/thai_beach_sand_tdsmeeko_8k/Thai_Beach_Sand_tdsmeeko_8K_BaseColor.ubulk" 464
"C:/Users/zegam/source/repos/projeto-integrador-pe01-unrealengine-2026/Content/Fab/thai_beach_sand_tdsmeeko_8k/Thai_Beach_Sand_tdsmeeko_8K_BaseColor.uasset" 465
"C:/Users/zegam/source/repos/projeto-integrador-pe01-unrealengine-2026/Content/Fab/thai_beach_sand_tdsmeeko_8k/Thai_Beach_Sand_tdsmeeko_8K_BaseColor.uptnl" 466
"C:/Users/zegam/source/repos/projeto-integrador-pe01-unrealengine-2026/Content/Fab/thai_beach_sand_tdsmeeko_8k/Thai_Beach_Sand_tdsmeeko_8K_Normal.uexp" 467
"C:/Users/zegam/source/repos/projeto-integrador-pe01-unrealengine-2026/Content/Fab/thai_beach_sand_tdsmeeko_8k/Thai_Beach_Sand_tdsmeeko_8K_Normal.ubulk" 468
"C:/Users/zegam/source/repos/projeto-integrador-pe01-unrealengine-2026/Content/Fab/thai_beach_sand_tdsmeeko_8k/Thai_Beach_Sand_tdsmeeko_8K_Normal.uasset" 469
"C:/Users/zegam/source/repos/projeto-integrador-pe01-unrealengine-2026/Content/Fab/thai_beach_sand_tdsmeeko_8k/Thai_Beach_Sand_tdsmeeko_8K_Normal.uptnl" 470
"C:/Users/zegam/source/repos/projeto-integrador-pe01-unrealengine-2026/Content/Fab/thai_beach_sand_tdsmeeko_8k/Thai_Beach_Sand_tdsmeeko_8K_Roughness.uexp" 471
"C:/Users/zegam/source/repos/projeto-integrador-pe01-unrealengine-2026/Content/Fab/thai_beach_sand_tdsmeeko_8k/Thai_Beach_Sand_tdsmeeko_8K_Roughness.ubulk" 472
"C:/Users/zegam/source/repos/projeto-integrador-pe01-unrealengine-2026/Content/Fab/thai_beach_sand_tdsmeeko_8k/Thai_Beach_Sand_tdsmeeko_8K_Roughness.uasset" 473
"C:/Users/zegam/source/repos/projeto-integrador-pe01-unrealengine-2026/Content/Fab/thai_beach_sand_tdsmeeko_8k/Thai_Beach_Sand_tdsmeeko_8K_Roughness.uptnl" 474
"C:/Users/zegam/source/repos/projeto-integrador-pe01-unrealengine-2026/Content/Fab/thai_beach_sand_tdsmeeko_8k/Thai_Beach_Sand_tdsmeeko_8K_Specular.uexp" 475
"C:/Users/zegam/source/repos/projeto-integrador-pe01-unrealengine-2026/Content/Fab/thai_beach_sand_tdsmeeko_8k/Thai_Beach_Sand_tdsmeeko_8K_Specular.ubulk" 476
"C:/Users/zegam/source/repos/projeto-integrador-pe01-unrealengine-2026/Content/Fab/thai_beach_sand_tdsmeeko_8k/Thai_Beach_Sand_tdsmeeko_8K_Specular.uasset" 477
"C:/Users/zegam/source/repos/projeto-integrador-pe01-unrealengine-2026/Content/Fab/thai_beach_sand_tdsmeeko_8k/Thai_Beach_Sand_tdsmeeko_8K_Specular.uptnl" 478
"C:/Users/zegam/source/repos/projeto-integrador-pe01-unrealengine-2026/Content/MyTexture.uasset" 479
"C:/Users/zegam/source/repos/projeto-integrador-pe01-unrealengine-2026/Content/MyTexture.uexp" 480
"../../../Engine/Plugins/Animation/ControlRig/Content/Controls/ControlRig_Box_solid.ubulk" 481
"../../../Engine/Plugins/Animation/ControlRig/Content/Controls/ControlRig_Box_solid.uasset" 482
"../../../Engine/Plugins/Animation/ControlRig/Content/Controls/ControlRig_Box_solid.uexp" 483
"../../../Engine/Content/EngineMaterials/DefaultWhiteGrid_Low.uasset" 484
"../../../Engine/Content/EngineMaterials/DefaultWhiteGrid_Low.uexp" 485
"../../../Engine/Content/EngineMaterials/EmissiveMeshMaterial.uasset" 486
"../../../Engine/Content/EngineMaterials/EmissiveMeshMaterial.uexp" 487
"../../../Engine/Plugins/Animation/ControlRig/Content/Controls/ControlRig_Circle_1mm.ubulk" 488
"../../../Engine/Plugins/Animation/ControlRig/Content/Controls/ControlRig_Circle_1mm.uasset" 489
"../../../Engine/Plugins/Animation/ControlRig/Content/Controls/ControlRig_Circle_1mm.uexp" 490
"../../../Engine/Plugins/Animation/ControlRig/Content/Controls/ControlRig_Circle_3mm.ubulk" 491
"../../../Engine/Plugins/Animation/ControlRig/Content/Controls/ControlRig_Circle_3mm.uasset" 492
"../../../Engine/Plugins/Animation/ControlRig/Content/Controls/ControlRig_Circle_3mm.uexp" 493
"../../../Engine/Content/EngineMaterials/FastBlueNoise_scalar_128x128x64.uasset" 494
"../../../Engine/Content/EngineMaterials/FastBlueNoise_scalar_128x128x64.uexp" 495
"../../../Engine/Plugins/Animation/ControlRig/Content/Controls/ControlRig_Circle_solid.ubulk" 496
"../../../Engine/Plugins/Animation/ControlRig/Content/Controls/ControlRig_Circle_solid.uasset" 497
"../../../Engine/Plugins/Animation/ControlRig/Content/Controls/ControlRig_Circle_solid.uexp" 498
"../../../Engine/Content/EngineMaterials/FastBlueNoise_scalar_128x128x8.uasset" 499
"../../../Engine/Content/EngineMaterials/FastBlueNoise_scalar_128x128x8.uexp" 500
"../../../Engine/Plugins/Animation/ControlRig/Content/Controls/ControlRig_Diamond_1mm.ubulk" 501
"../../../Engine/Plugins/Animation/ControlRig/Content/Controls/ControlRig_Diamond_1mm.uasset" 502
"../../../Engine/Plugins/Animation/ControlRig/Content/Controls/ControlRig_Diamond_1mm.uexp" 503
"../../../Engine/Plugins/Animation/ControlRig/Content/Controls/ControlRig_Diamond_3mm.ubulk" 504
"../../../Engine/Plugins/Animation/ControlRig/Content/Controls/ControlRig_Diamond_3mm.uasset" 505
"../../../Engine/Plugins/Animation/ControlRig/Content/Controls/ControlRig_Diamond_3mm.uexp" 506
"../../../Engine/Content/EngineMaterials/FastBlueNoise_vec2_128x128x64.uasset" 507
"../../../Engine/Content/EngineMaterials/FastBlueNoise_vec2_128x128x64.uexp" 508
"../../../Engine/Plugins/Animation/ControlRig/Content/Controls/ControlRig_Diamond_solid.ubulk" 509
"../../../Engine/Plugins/Animation/ControlRig/Content/Controls/ControlRig_Diamond_solid.uasset" 510
"../../../Engine/Plugins/Animation/ControlRig/Content/Controls/ControlRig_Diamond_solid.uexp" 511
"../../../Engine/Content/EngineMaterials/BaseFlattenDiffuseMap.uasset" 512
"../../../Engine/Content/EngineMaterials/BaseFlattenDiffuseMap.uexp" 513
"../../../Engine/Content/EngineMaterials/BaseFlattenEmissiveMap.uasset" 514
"../../../Engine/Content/EngineMaterials/BaseFlattenEmissiveMap.uexp" 515
"../../../Engine/Content/EngineMaterials/BaseFlattenGrayscaleMap.uasset" 516
"../../../Engine/Content/EngineMaterials/BaseFlattenGrayscaleMap.uexp" 517
"../../../Engine/Content/EngineMaterials/BaseFlattenLinearColor.uasset" 518
"../../../Engine/Content/EngineMaterials/BaseFlattenLinearColor.uexp" 519
"../../../Engine/Content/EngineMaterials/BaseFlattenNormalMap.uasset" 520
"../../../Engine/Content/EngineMaterials/BaseFlattenNormalMap.uexp" 521
"../../../Engine/Content/Functions/Engine_MaterialFunctions02/PivotPainter2/Black_1x1_EXR_Texture.uasset" 522
"../../../Engine/Content/Functions/Engine_MaterialFunctions02/PivotPainter2/Black_1x1_EXR_Texture.uexp" 523
"../../../Engine/Content/EngineMaterials/FlattenMaterial.uasset" 524
"../../../Engine/Content/EngineMaterials/FlattenMaterial.uexp" 525
"../../../Engine/Plugins/Animation/ControlRig/Content/Controls/ControlRig_HalfCircle_1mm.ubulk" 526
"../../../Engine/Plugins/Animation/ControlRig/Content/Controls/ControlRig_HalfCircle_1mm.uasset" 527
"../../../Engine/Plugins/Animation/ControlRig/Content/Controls/ControlRig_HalfCircle_1mm.uexp" 528
"../../../Engine/Content/EngineMaterials/BaseFlattenDiffuseMap_VT.ubulk" 529
"../../../Engine/Content/EngineMaterials/BaseFlattenDiffuseMap_VT.uasset" 530
"../../../Engine/Content/EngineMaterials/BaseFlattenDiffuseMap_VT.uexp" 531
"../../../Engine/Content/EngineMaterials/BaseFlattenEmissiveMap_VT.ubulk" 532
"../../../Engine/Content/EngineMaterials/BaseFlattenEmissiveMap_VT.uasset" 533
"../../../Engine/Content/EngineMaterials/BaseFlattenEmissiveMap_VT.uexp" 534
"../../../Engine/Content/EngineMaterials/BaseFlattenGrayscaleMap_VT.ubulk" 535
"../../../Engine/Content/EngineMaterials/BaseFlattenGrayscaleMap_VT.uasset" 536
"../../../Engine/Content/EngineMaterials/BaseFlattenGrayscaleMap_VT.uexp" 537
"../../../Engine/Content/EngineMaterials/BaseFlattenLinearColor_VT.ubulk" 538
"../../../Engine/Content/EngineMaterials/BaseFlattenLinearColor_VT.uasset" 539
"../../../Engine/Content/EngineMaterials/BaseFlattenLinearColor_VT.uexp" 540
"../../../Engine/Content/EngineMaterials/BaseFlattenNormalMap_VT.ubulk" 541
"../../../Engine/Content/EngineMaterials/BaseFlattenNormalMap_VT.uasset" 542
"../../../Engine/Content/EngineMaterials/BaseFlattenNormalMap_VT.uexp" 543
"../../../Engine/Content/EngineMaterials/Black_1x1_EXR_Texture_VT.ubulk" 544
"../../../Engine/Content/EngineMaterials/Black_1x1_EXR_Texture_VT.uasset" 545
"../../../Engine/Content/EngineMaterials/Black_1x1_EXR_Texture_VT.uexp" 546
"../../../Engine/Content/EngineMaterials/FlattenMaterial_VT.uasset" 547
"../../../Engine/Content/EngineMaterials/FlattenMaterial_VT.uexp" 548
"../../../Engine/Content/EngineMaterials/FlattenMaterial_WS_Normal_VT.uasset" 549
"../../../Engine/Content/EngineMaterials/FlattenMaterial_WS_Normal_VT.uexp" 550
"../../../Engine/Plugins/Animation/ControlRig/Content/Controls/ControlRig_HalfCircle_3mm.ubulk" 551
"../../../Engine/Plugins/Animation/ControlRig/Content/Controls/ControlRig_HalfCircle_3mm.uasset" 552
"../../../Engine/Plugins/Animation/ControlRig/Content/Controls/ControlRig_HalfCircle_3mm.uexp" 553
"../../../Engine/Content/EngineMaterials/GizmoMaterial.uasset" 554
"../../../Engine/Content/EngineMaterials/GizmoMaterial.uexp" 555
"../../../Engine/Plugins/Animation/ControlRig/Content/Controls/ControlRig_HalfCircle_solid.ubulk" 556
"../../../Engine/Plugins/Animation/ControlRig/Content/Controls/ControlRig_HalfCircle_solid.uasset" 557
"../../../Engine/Plugins/Animation/ControlRig/Content/Controls/ControlRig_HalfCircle_solid.uexp" 558
"../../../Engine/Plugins/Animation/ControlRig/Content/Controls/ControlRig_Hexagon_1mm.ubulk" 559
"../../../Engine/Plugins/Animation/ControlRig/Content/Controls/ControlRig_Hexagon_1mm.uasset" 560
"../../../Engine/Plugins/Animation/ControlRig/Content/Controls/ControlRig_Hexagon_1mm.uexp" 561
"../../../Engine/Plugins/Animation/ControlRig/Content/Controls/ControlRig_Hexagon_3mm.ubulk" 562
"../../../Engine/Plugins/Animation/ControlRig/Content/Controls/ControlRig_Hexagon_3mm.uasset" 563
"../../../Engine/Plugins/Animation/ControlRig/Content/Controls/ControlRig_Hexagon_3mm.uexp" 564
"../../../Engine/Content/BasicShapes/BasicShapeMaterial.uasset" 565
"../../../Engine/Content/BasicShapes/BasicShapeMaterial.uexp" 566
"../../../Engine/Plugins/Animation/ControlRig/Content/Controls/ControlRig_Hexagon_solid.ubulk" 567
"../../../Engine/Plugins/Animation/ControlRig/Content/Controls/ControlRig_Hexagon_solid.uasset" 568
"../../../Engine/Plugins/Animation/ControlRig/Content/Controls/ControlRig_Hexagon_solid.uexp" 569
"../../../Engine/Plugins/Animation/ControlRig/Content/Controls/ControlRig_Octagon_1mm.ubulk" 570
"../../../Engine/Plugins/Animation/ControlRig/Content/Controls/ControlRig_Octagon_1mm.uasset" 571
"../../../Engine/Plugins/Animation/ControlRig/Content/Controls/ControlRig_Octagon_1mm.uexp" 572
"../../../Engine/Content/EngineMaterials/DefaultMaterial.uasset" 573
"../../../Engine/Content/EngineMaterials/DefaultMaterial.uexp" 574
"../../../Engine/Content/BasicShapes/Cone.ubulk" 575
"../../../Engine/Content/BasicShapes/Cone.uasset" 576
"../../../Engine/Content/BasicShapes/Cone.uexp" 577
"../../../Engine/Plugins/Animation/ControlRig/Content/Controls/ControlRig_Octagon_3mm.ubulk" 578
"../../../Engine/Plugins/Animation/ControlRig/Content/Controls/ControlRig_Octagon_3mm.uasset" 579
"../../../Engine/Plugins/Animation/ControlRig/Content/Controls/ControlRig_Octagon_3mm.uexp" 580
"../../../Engine/Plugins/Animation/ControlRig/Content/Controls/ControlRig_Octagon_solid.ubulk" 581
"../../../Engine/Plugins/Animation/ControlRig/Content/Controls/ControlRig_Octagon_solid.uasset" 582
"../../../Engine/Plugins/Animation/ControlRig/Content/Controls/ControlRig_Octagon_solid.uexp" 583
"../../../Engine/Content/BasicShapes/Cube.ubulk" 584
"../../../Engine/Content/BasicShapes/Cube.uasset" 585
"../../../Engine/Content/BasicShapes/Cube.uexp" 586
"../../../Engine/Plugins/Animation/ControlRig/Content/Controls/ControlRig_Pyramid_1mm.ubulk" 587
"../../../Engine/Plugins/Animation/ControlRig/Content/Controls/ControlRig_Pyramid_1mm.uasset" 588
"../../../Engine/Plugins/Animation/ControlRig/Content/Controls/ControlRig_Pyramid_1mm.uexp" 589
"../../../Engine/Plugins/Animation/ControlRig/Content/Controls/ControlRig_Pyramid_3mm.ubulk" 590
"../../../Engine/Plugins/Animation/ControlRig/Content/Controls/ControlRig_Pyramid_3mm.uasset" 591
"../../../Engine/Plugins/Animation/ControlRig/Content/Controls/ControlRig_Pyramid_3mm.uexp" 592
"../../../Engine/Plugins/Animation/ControlRig/Content/Controls/ControlRig_Pyramid_solid.ubulk" 593
"../../../Engine/Plugins/Animation/ControlRig/Content/Controls/ControlRig_Pyramid_solid.uasset" 594
"../../../Engine/Plugins/Animation/ControlRig/Content/Controls/ControlRig_Pyramid_solid.uexp" 595
"../../../Engine/Content/BasicShapes/Cylinder.ubulk" 596
"../../../Engine/Content/BasicShapes/Cylinder.uasset" 597
"../../../Engine/Content/BasicShapes/Cylinder.uexp" 598
"../../../Engine/Plugins/Animation/ControlRig/Content/Controls/ControlRig_QuarterCircle_1mm.ubulk" 599
"../../../Engine/Plugins/Animation/ControlRig/Content/Controls/ControlRig_QuarterCircle_1mm.uasset" 600
"../../../Engine/Plugins/Animation/ControlRig/Content/Controls/ControlRig_QuarterCircle_1mm.uexp" 601
"../../../Engine/Content/EngineMaterials/MiniFont.uasset" 602
"../../../Engine/Content/EngineMaterials/MiniFont.uexp" 603
"../../../Engine/Plugins/Animation/ControlRig/Content/Controls/ControlRig_QuarterCircle_3mm.ubulk" 604
"../../../Engine/Plugins/Animation/ControlRig/Content/Controls/ControlRig_QuarterCircle_3mm.uasset" 605
"../../../Engine/Plugins/Animation/ControlRig/Content/Controls/ControlRig_QuarterCircle_3mm.uexp" 606
"../../../Engine/Content/EngineMaterials/InvalidLightmapSettings.ubulk" 607
"../../../Engine/Content/EngineMaterials/InvalidLightmapSettings.uasset" 608
"../../../Engine/Content/EngineMaterials/InvalidLightmapSettings.uexp" 609
"../../../Engine/Content/EngineMaterials/M_InvalidLightmapSettings.uasset" 610
"../../../Engine/Content/EngineMaterials/M_InvalidLightmapSettings.uexp" 611
"../../../Engine/Content/EngineMaterials/NaniteHiddenSectionMaterial.uasset" 612
"../../../Engine/Content/EngineMaterials/NaniteHiddenSectionMaterial.uexp" 613
"../../../Engine/Plugins/Animation/ControlRig/Content/Controls/ControlRig_QuarterCircle_solid.ubulk" 614
"../../../Engine/Plugins/Animation/ControlRig/Content/Controls/ControlRig_QuarterCircle_solid.uasset" 615
"../../../Engine/Plugins/Animation/ControlRig/Content/Controls/ControlRig_QuarterCircle_solid.uexp" 616
"../../../Engine/Content/BasicShapes/Plane.ubulk" 617
"../../../Engine/Content/BasicShapes/Plane.uasset" 618
"../../../Engine/Content/BasicShapes/Plane.uexp" 619
"../../../Engine/Plugins/Animation/ControlRig/Content/Controls/ControlRig_RoundedSquare_1mm.ubulk" 620
"../../../Engine/Plugins/Animation/ControlRig/Content/Controls/ControlRig_RoundedSquare_1mm.uasset" 621
"../../../Engine/Plugins/Animation/ControlRig/Content/Controls/ControlRig_RoundedSquare_1mm.uexp" 622
"../../../Engine/Content/BasicShapes/Sphere.ubulk" 623
"../../../Engine/Content/BasicShapes/Sphere.uasset" 624
"../../../Engine/Content/BasicShapes/Sphere.uexp" 625
"../../../Engine/Plugins/Animation/ControlRig/Content/Controls/ControlRig_RoundedSquare_3mm.ubulk" 626
"../../../Engine/Plugins/Animation/ControlRig/Content/Controls/ControlRig_RoundedSquare_3mm.uasset" 627
"../../../Engine/Plugins/Animation/ControlRig/Content/Controls/ControlRig_RoundedSquare_3mm.uexp" 628
"../../../Engine/Content/Functions/Engine_MaterialFunctions02/WorldPositionOffset/CameraOffset.uasset" 629
"../../../Engine/Content/Functions/Engine_MaterialFunctions02/WorldPositionOffset/CameraOffset.uexp" 630
"../../../Engine/Content/EngineMaterials/PhAT_JointLimitMaterial.uasset" 631
"../../../Engine/Content/EngineMaterials/PhAT_JointLimitMaterial.uexp" 632
"../../../Engine/Content/EngineMaterials/DefaultCalibrationColor.uasset" 633
"../../../Engine/Content/EngineMaterials/DefaultCalibrationColor.uexp" 634
"../../../Engine/Content/EngineMaterials/PPM_DefaultCalibrationColor.uasset" 635
"../../../Engine/Content/EngineMaterials/PPM_DefaultCalibrationColor.uexp" 636
"../../../Engine/Content/EngineMaterials/DefaultCalibrationGrayscale.uasset" 637
"../../../Engine/Content/EngineMaterials/DefaultCalibrationGrayscale.uexp" 638
"../../../Engine/Content/EngineMaterials/PPM_DefaultCalibrationGrayscale.uasset" 639
"../../../Engine/Content/EngineMaterials/PPM_DefaultCalibrationGrayscale.uexp" 640
"../../../Engine/Content/EngineMaterials/PreintegratedSkinBRDF.uasset" 641
"../../../Engine/Content/EngineMaterials/PreintegratedSkinBRDF.uexp" 642
"../../../Engine/Plugins/Runtime/HairStrands/Content/Materials/HairCardsDefaultMaterial.uasset" 643
"../../../Engine/Plugins/Runtime/HairStrands/Content/Materials/HairCardsDefaultMaterial.uexp" 644
"../../../Engine/Content/Functions/Engine_MaterialFunctions02/Utility/MakeFloat2.uasset" 645
"../../../Engine/Content/Functions/Engine_MaterialFunctions02/Utility/MakeFloat2.uexp" 646
"../../../Engine/Content/EngineMaterials/HairColorMap.uasset" 647
"../../../Engine/Content/EngineMaterials/HairColorMap.uexp" 648
"../../../Engine/Content/EngineMaterials/HairDebugColor.uasset" 649
"../../../Engine/Content/EngineMaterials/HairDebugColor.uexp" 650
"../../../Engine/Plugins/Runtime/HairStrands/Content/Materials/HairGroupColors.uasset" 651
"../../../Engine/Plugins/Runtime/HairStrands/Content/Materials/HairGroupColors.uexp" 652
"../../../Engine/Plugins/Runtime/HairStrands/Content/Materials/HairDebugMaterial.uasset" 653
"../../../Engine/Plugins/Runtime/HairStrands/Content/Materials/HairDebugMaterial.uexp" 654
"../../../Engine/Plugins/Runtime/HairStrands/Content/Materials/HairDefaultMaterial.uasset" 655
"../../../Engine/Plugins/Runtime/HairStrands/Content/Materials/HairDefaultMaterial.uexp" 656
"../../../Engine/Plugins/Runtime/HairStrands/Content/Materials/HairMeshesDefaultMaterial.uasset" 657
"../../../Engine/Plugins/Runtime/HairStrands/Content/Materials/HairMeshesDefaultMaterial.uexp" 658
"../../../Engine/Content/EditorLandscapeResources/DefaultAlphaTexture.uasset" 659
"../../../Engine/Content/EditorLandscapeResources/DefaultAlphaTexture.uexp" 660
"../../../Engine/Content/EditorLandscapeResources/ColorMaskBrushMaterial.uasset" 661
"../../../Engine/Content/EditorLandscapeResources/ColorMaskBrushMaterial.uexp" 662
"../../../Engine/Content/EditorLandscapeResources/ColorMaskBrushMaterial_MaskedRegion.uasset" 663
"../../../Engine/Content/EditorLandscapeResources/ColorMaskBrushMaterial_MaskedRegion.uexp" 664
"../../../Engine/Content/EditorLandscapeResources/LandscapeDirtyMaterial.uasset" 665
"../../../Engine/Content/EditorLandscapeResources/LandscapeDirtyMaterial.uexp" 666
"../../../Engine/Plugins/Animation/ACLPlugin/Content/ACLAnimBoneCompressionSettings.uasset" 667
"../../../Engine/Plugins/Animation/ACLPlugin/Content/ACLAnimBoneCompressionSettings.uexp" 668
"../../../Engine/Plugins/Animation/ACLPlugin/Content/ACLAnimCurveCompressionSettings.uasset" 669
"../../../Engine/Plugins/Animation/ACLPlugin/Content/ACLAnimCurveCompressionSettings.uexp" 670
"../../../Engine/Content/Animation/DefaultVariableFrameStrippingSettings.uasset" 671
"../../../Engine/Content/Animation/DefaultVariableFrameStrippingSettings.uexp" 672
"C:/Users/zegam/source/repos/projeto-integrador-pe01-unrealengine-2026/Content/Fab/Clown_Fish_Low_Poly_Animated/clown_fish_low_poly_animated/SkeletalMeshes/clown_fish_low_poly_animated_Skeleton.uasset" 673
"C:/Users/zegam/source/repos/projeto-integrador-pe01-unrealengine-2026/Content/Fab/Clown_Fish_Low_Poly_Animated/clown_fish_low_poly_animated/SkeletalMeshes/clown_fish_low_poly_animated_Skeleton.uexp" 674
"C:/Users/zegam/source/repos/projeto-integrador-pe01-unrealengine-2026/Content/Assets/clown_fish_low_poly_animatedswim1.uasset" 675
"C:/Users/zegam/source/repos/projeto-integrador-pe01-unrealengine-2026/Content/Assets/clown_fish_low_poly_animatedswim1.uexp" 676
"../../../Engine/Content/Functions/Engine_MaterialFunctions01/Texturing/TextureCropping.uasset" 677
"../../../Engine/Content/Functions/Engine_MaterialFunctions01/Texturing/TextureCropping.uexp" 678
"../../../Engine/Content/Functions/Engine_MaterialFunctions02/ExampleContent/DebugNumberStrip.uasset" 679
"../../../Engine/Content/Functions/Engine_MaterialFunctions02/ExampleContent/DebugNumberStrip.uexp" 680
"../../../Engine/Content/Functions/Engine_MaterialFunctions01/Debug/DebugIntValues.uasset" 681
"../../../Engine/Content/Functions/Engine_MaterialFunctions01/Debug/DebugIntValues.uexp" 682
"../../../Engine/Content/Functions/Engine_MaterialFunctions01/Texturing/ScaleUVsByCenter.uasset" 683
"../../../Engine/Content/Functions/Engine_MaterialFunctions01/Texturing/ScaleUVsByCenter.uexp" 684
"../../../Engine/Content/Functions/Engine_MaterialFunctions02/WorldPositionOffset/LocalPosition.uasset" 685
"../../../Engine/Content/Functions/Engine_MaterialFunctions02/WorldPositionOffset/LocalPosition.uexp" 686
"../../../Engine/Content/EditorLandscapeResources/LandscapeLayerUsageMaterial.uasset" 687
"../../../Engine/Content/EditorLandscapeResources/LandscapeLayerUsageMaterial.uexp" 688
"../../../Engine/Content/EditorResources/SequenceRecorder/Countdown.uasset" 689
"../../../Engine/Content/EditorResources/SequenceRecorder/Countdown.uexp" 690
"../../../Engine/Content/EditorResources/SequenceRecorder/RecordingIndicator.uasset" 691
"../../../Engine/Content/EditorResources/SequenceRecorder/RecordingIndicator.uexp" 692
"../../../Engine/Content/EditorLandscapeResources/WhiteSquareTexture.uasset" 693
"../../../Engine/Content/EditorLandscapeResources/WhiteSquareTexture.uexp" 694
"../../../Engine/Content/EditorLandscapeResources/LayerVisMaterial.uasset" 695
"../../../Engine/Content/EditorLandscapeResources/LayerVisMaterial.uexp" 696
"../../../Engine/Content/VREditor/TransformGizmo/BoundingBoxCorner.ubulk" 697
"../../../Engine/Content/VREditor/TransformGizmo/BoundingBoxCorner.uasset" 698
"../../../Engine/Content/VREditor/TransformGizmo/BoundingBoxCorner.uexp" 699
"../../../Engine/Content/Functions/Engine_MaterialFunctions03/Math/WithinRangeFloat2.uasset" 700
"../../../Engine/Content/Functions/Engine_MaterialFunctions03/Math/WithinRangeFloat2.uexp" 701
"../../../Engine/Content/EditorLandscapeResources/MaskBrushMaterial.uasset" 702
"../../../Engine/Content/EditorLandscapeResources/MaskBrushMaterial.uexp" 703
"../../../Engine/Content/EditorLandscapeResources/MaskBrushMaterial_MaskedRegion.uasset" 704
"../../../Engine/Content/EditorLandscapeResources/MaskBrushMaterial_MaskedRegion.uexp" 705
"../../../Engine/Content/VREditor/TransformGizmo/BoundingBoxEdge.ubulk" 706
"../../../Engine/Content/VREditor/TransformGizmo/BoundingBoxEdge.uasset" 707
"../../../Engine/Content/VREditor/TransformGizmo/BoundingBoxEdge.uexp" 708
"../../../Engine/Content/EditorLandscapeResources/SelectBrushMaterial.uasset" 709
"../../../Engine/Content/EditorLandscapeResources/SelectBrushMaterial.uexp" 710
"../../../Engine/Content/EditorLandscapeResources/SelectBrushMaterial_Selected.uasset" 711
"../../../Engine/Content/EditorLandscapeResources/SelectBrushMaterial_Selected.uexp" 712
"../../../Engine/Content/EditorLandscapeResources/SelectBrushMaterial_SelectedRegion.uasset" 713
"../../../Engine/Content/EditorLandscapeResources/SelectBrushMaterial_SelectedRegion.uexp" 714
"../../../Engine/Content/EditorLandscapeResources/SplineEditorMeshMat.uasset" 715
"../../../Engine/Content/EditorLandscapeResources/SplineEditorMeshMat.uexp" 716
"../../../Engine/Content/EditorLandscapeResources/SplineEditorMesh.ubulk" 717
"../../../Engine/Content/EditorLandscapeResources/SplineEditorMesh.uasset" 718
"../../../Engine/Content/EditorLandscapeResources/SplineEditorMesh.uexp" 719
"C:/Users/zegam/source/repos/projeto-integrador-pe01-unrealengine-2026/Content/Assets/seaweed_colour.ubulk" 720
"C:/Users/zegam/source/repos/projeto-integrador-pe01-unrealengine-2026/Content/Assets/seaweed_colour.uasset" 721
"C:/Users/zegam/source/repos/projeto-integrador-pe01-unrealengine-2026/Content/Assets/seaweed_colour.uexp" 722
"C:/Users/zegam/source/repos/projeto-integrador-pe01-unrealengine-2026/Content/Assets/seaweed_opacity.ubulk" 723
"C:/Users/zegam/source/repos/projeto-integrador-pe01-unrealengine-2026/Content/Assets/seaweed_opacity.uasset" 724
"C:/Users/zegam/source/repos/projeto-integrador-pe01-unrealengine-2026/Content/Assets/seaweed_opacity.uexp" 725
"C:/Users/zegam/source/repos/projeto-integrador-pe01-unrealengine-2026/Content/Assets/seaweed_material.uasset" 726
"C:/Users/zegam/source/repos/projeto-integrador-pe01-unrealengine-2026/Content/Assets/seaweed_material.uexp" 727
"C:/Users/zegam/source/repos/projeto-integrador-pe01-unrealengine-2026/Content/Assets/SK_seaweed02.uasset" 728
"C:/Users/zegam/source/repos/projeto-integrador-pe01-unrealengine-2026/Content/Assets/SK_seaweed02.uexp" 729
"C:/Users/zegam/source/repos/projeto-integrador-pe01-unrealengine-2026/Content/Assets/seaweed_skeletal_mesh.uasset" 730
"C:/Users/zegam/source/repos/projeto-integrador-pe01-unrealengine-2026/Content/Assets/seaweed_skeletal_mesh.uexp" 731
"../../../Engine/Content/VREditor/TransformGizmo/Main.uasset" 732
"../../../Engine/Content/VREditor/TransformGizmo/Main.uexp" 733
"../../../Engine/Content/VREditor/TransformGizmo/Xray.uasset" 734
"../../../Engine/Content/VREditor/TransformGizmo/Xray.uexp" 735
"../../../Engine/Content/VREditor/TransformGizmo/SM_Sequencer_Node.ubulk" 736
"../../../Engine/Content/VREditor/TransformGizmo/SM_Sequencer_Node.uasset" 737
"../../../Engine/Content/VREditor/TransformGizmo/SM_Sequencer_Node.uexp" 738
"../../../Engine/Content/EngineMaterials/EnergyConservation/Diffuse_Energy.uasset" 739
"../../../Engine/Content/EngineMaterials/EnergyConservation/Diffuse_Energy.uexp" 740
"../../../Engine/Content/EngineMaterials/EnergyConservation/GGX_ReflectionEnergy.uasset" 741
"../../../Engine/Content/EngineMaterials/EnergyConservation/GGX_ReflectionEnergy.uexp" 742
"../../../Engine/Content/EngineMaterials/EnergyConservation/GGX_TransmissionEnergyArray.uasset" 743
"../../../Engine/Content/EngineMaterials/EnergyConservation/GGX_TransmissionEnergyArray.uexp" 744
"../../../Engine/Content/EngineMaterials/EnergyConservation/SheenLegacy_Energy.uasset" 745
"../../../Engine/Content/EngineMaterials/EnergyConservation/SheenLegacy_Energy.uexp" 746
"../../../Engine/Content/EngineMaterials/EnergyConservation/Sheen_Energy.uasset" 747
"../../../Engine/Content/EngineMaterials/EnergyConservation/Sheen_Energy.uexp" 748
"../../../Engine/Content/EngineMaterials/LTC/GGX_LTCAmp.uasset" 749
"../../../Engine/Content/EngineMaterials/LTC/GGX_LTCAmp.uexp" 750
"../../../Engine/Content/EngineMaterials/LTC/GGX_LTCMat.uasset" 751
"../../../Engine/Content/EngineMaterials/LTC/GGX_LTCMat.uexp" 752
"../../../Engine/Plugins/Enterprise/DatasmithContent/Content/Materials/Water/Textures/T_WaterNormal01_N.ubulk" 753
"../../../Engine/Plugins/Enterprise/DatasmithContent/Content/Materials/Water/Textures/T_WaterNormal01_N.uasset" 754
"../../../Engine/Plugins/Enterprise/DatasmithContent/Content/Materials/Water/Textures/T_WaterNormal01_N.uexp" 755
"C:/Users/zegam/source/repos/projeto-integrador-pe01-unrealengine-2026/Content/Material/M_Water.uasset" 756
"C:/Users/zegam/source/repos/projeto-integrador-pe01-unrealengine-2026/Content/Material/M_Water.uexp" 757
"../../../Engine/Content/EngineMaterials/LTC/Sheen_LTC.uasset" 758
"../../../Engine/Content/EngineMaterials/LTC/Sheen_LTC.uexp" 759
"../../../Engine/Plugins/FX/Niagara/Content/Enums/ENiagaraScaleColorMode.uasset" 760
"../../../Engine/Plugins/FX/Niagara/Content/Enums/ENiagaraScaleColorMode.uexp" 761
"../../../Engine/Plugins/FX/Niagara/Content/Enums/ENiagaraChannelCorrelation.uasset" 762
"../../../Engine/Plugins/FX/Niagara/Content/Enums/ENiagaraChannelCorrelation.uexp" 763
"../../../Engine/Plugins/FX/Niagara/Content/Enums/ENiagaraEmitterLifeCycleMode.uasset" 764
"../../../Engine/Plugins/FX/Niagara/Content/Enums/ENiagaraEmitterLifeCycleMode.uexp" 765
"../../../Engine/Plugins/FX/Niagara/Content/Enums/ENiagaraEmitterScalabilityMode_Limited.uasset" 766
"../../../Engine/Plugins/FX/Niagara/Content/Enums/ENiagaraEmitterScalabilityMode_Limited.uexp" 767
"../../../Engine/Plugins/FX/Niagara/Content/Enums/ENiagaraInactiveMode.uasset" 768
"../../../Engine/Plugins/FX/Niagara/Content/Enums/ENiagaraInactiveMode.uexp" 769
"../../../Engine/Plugins/FX/Niagara/Content/Enums/ENiagaraRandomnessEvaluation.uasset" 770
"../../../Engine/Plugins/FX/Niagara/Content/Enums/ENiagaraRandomnessEvaluation.uexp" 771
"../../../Engine/Plugins/FX/Niagara/Content/Enums/ENiagaraRandomnessMode.uasset" 772
"../../../Engine/Plugins/FX/Niagara/Content/Enums/ENiagaraRandomnessMode.uexp" 773
"../../../Engine/Plugins/FX/Niagara/Content/Enums/ENiagaraShapeTorusMode.uasset" 774
"../../../Engine/Plugins/FX/Niagara/Content/Enums/ENiagaraShapeTorusMode.uexp" 775
"../../../Engine/Plugins/FX/Niagara/Content/Enums/ENiagaraSphereDistributionMode.uasset" 776
"../../../Engine/Plugins/FX/Niagara/Content/Enums/ENiagaraSphereDistributionMode.uexp" 777
"../../../Engine/Plugins/FX/Niagara/Content/Enums/ENiagaraSystemInactiveMode.uasset" 778
"../../../Engine/Plugins/FX/Niagara/Content/Enums/ENiagaraSystemInactiveMode.uexp" 779
"../../../Engine/Plugins/FX/Niagara/Content/Enums/ENiagaraTorusDistributionMode.uasset" 780
"../../../Engine/Plugins/FX/Niagara/Content/Enums/ENiagaraTorusDistributionMode.uexp" 781
"../../../Engine/Plugins/FX/Niagara/Content/Enums/ENiagara_AttributeSamplingApplyOutput.uasset" 782
"../../../Engine/Plugins/FX/Niagara/Content/Enums/ENiagara_AttributeSamplingApplyOutput.uexp" 783
"../../../Engine/Plugins/FX/Niagara/Content/Enums/ENiagara_ColorInitializationMode.uasset" 784
"../../../Engine/Plugins/FX/Niagara/Content/Enums/ENiagara_ColorInitializationMode.uexp" 785
"../../../Engine/Plugins/FX/Niagara/Content/Enums/ENiagara_EmitterStateOptions.uasset" 786
"../../../Engine/Plugins/FX/Niagara/Content/Enums/ENiagara_EmitterStateOptions.uexp" 787
"../../../Engine/Plugins/FX/Niagara/Content/Enums/ENiagara_InfiniteLoopDuration.uasset" 788
"../../../Engine/Plugins/FX/Niagara/Content/Enums/ENiagara_InfiniteLoopDuration.uexp" 789
"../../../Engine/Plugins/FX/Niagara/Content/Enums/ENiagara_LifetimeMode.uasset" 790
"../../../Engine/Plugins/FX/Niagara/Content/Enums/ENiagara_LifetimeMode.uexp" 791
"../../../Engine/Plugins/FX/Niagara/Content/Enums/ENiagara_MassInitializationMode.uasset" 792
"../../../Engine/Plugins/FX/Niagara/Content/Enums/ENiagara_MassInitializationMode.uexp" 793
"../../../Engine/Plugins/FX/Niagara/Content/Enums/ENiagara_PositionInitializationMode.uasset" 794
"../../../Engine/Plugins/FX/Niagara/Content/Enums/ENiagara_PositionInitializationMode.uexp" 795
"../../../Engine/Plugins/FX/Niagara/Content/Enums/ENiagara_SizeScaleMode.uasset" 796
"../../../Engine/Plugins/FX/Niagara/Content/Enums/ENiagara_SizeScaleMode.uexp" 797
"../../../Engine/Plugins/FX/Niagara/Content/Enums/ENiagara_SpriteRotationMode.uasset" 798
"../../../Engine/Plugins/FX/Niagara/Content/Enums/ENiagara_SpriteRotationMode.uexp" 799
"../../../Engine/Plugins/FX/Niagara/Content/Enums/ENiagara_UVFlippingMode.uasset" 800
"../../../Engine/Plugins/FX/Niagara/Content/Enums/ENiagara_UVFlippingMode.uexp" 801
"../../../Engine/Plugins/FX/Niagara/Content/Enums/Angles/ENiagara_AngleInput.uasset" 802
"../../../Engine/Plugins/FX/Niagara/Content/Enums/Angles/ENiagara_AngleInput.uexp" 803
"../../../Engine/Plugins/FX/Niagara/Content/Enums/Location/ENiagaraRingDiscMode.uasset" 804
"../../../Engine/Plugins/FX/Niagara/Content/Enums/Location/ENiagaraRingDiscMode.uexp" 805
"../../../Engine/Plugins/FX/Niagara/Content/Enums/Location/ENiagara_BoxPlaneMode.uasset" 806
"../../../Engine/Plugins/FX/Niagara/Content/Enums/Location/ENiagara_BoxPlaneMode.uexp" 807
"../../../Engine/Plugins/FX/Niagara/Content/Enums/Location/ENiagara_ConeMode.uasset" 808
"../../../Engine/Plugins/FX/Niagara/Content/Enums/Location/ENiagara_ConeMode.uexp" 809
"../../../Engine/Plugins/FX/Niagara/Content/Enums/Location/ENiagara_CylinderMode.uasset" 810
"../../../Engine/Plugins/FX/Niagara/Content/Enums/Location/ENiagara_CylinderMode.uexp" 811
"../../../Engine/Plugins/FX/Niagara/Content/Enums/Location/ENiagara_LocationShapes.uasset" 812
"../../../Engine/Plugins/FX/Niagara/Content/Enums/Location/ENiagara_LocationShapes.uexp" 813
"../../../Engine/Plugins/FX/Niagara/Content/Enums/Ribbons/ENiagara_UnsetDirectSet.uasset" 814
"../../../Engine/Plugins/FX/Niagara/Content/Enums/Ribbons/ENiagara_UnsetDirectSet.uexp" 815
"../../../Engine/Plugins/FX/Niagara/Content/Enums/Ribbons/ENiagara_UnsetDirectSetRandom.uasset" 816
"../../../Engine/Plugins/FX/Niagara/Content/Enums/Ribbons/ENiagara_UnsetDirectSetRandom.uexp" 817
"../../../Engine/Plugins/FX/Niagara/Content/Enums/Transforms/ENiagara_OffsetMode.uasset" 818
"../../../Engine/Plugins/FX/Niagara/Content/Enums/Transforms/ENiagara_OffsetMode.uexp" 819
"../../../Engine/Plugins/FX/Niagara/Content/Enums/Transforms/ENiagara_RotationMode.uasset" 820
"../../../Engine/Plugins/FX/Niagara/Content/Enums/Transforms/ENiagara_RotationMode.uexp" 821
"../../../Engine/Plugins/FX/Niagara/Content/Enums/Transforms/ENiagara_ScaleMode.uasset" 822
"../../../Engine/Plugins/FX/Niagara/Content/Enums/Transforms/ENiagara_ScaleMode.uexp" 823
"../../../Engine/Plugins/FX/Niagara/Content/Enums/Transforms/ENiagara_TransformOrder.uasset" 824
"../../../Engine/Plugins/FX/Niagara/Content/Enums/Transforms/ENiagara_TransformOrder.uexp" 825
"../../../Engine/Plugins/FX/Niagara/Content/Enums/Transforms/ENiagara_TransformType.uasset" 826
"../../../Engine/Plugins/FX/Niagara/Content/Enums/Transforms/ENiagara_TransformType.uexp" 827
"../../../Engine/Plugins/FX/Niagara/Content/Enums/Utility/ENiagara_VelocityMode.uasset" 828
"../../../Engine/Plugins/FX/Niagara/Content/Enums/Utility/ENiagara_VelocityMode.uexp" 829
"../../../Engine/Plugins/FX/Niagara/Content/Icons/Modules/T_Icon_Scalability_Emitter.uasset" 830
"../../../Engine/Plugins/FX/Niagara/Content/Icons/Modules/T_Icon_Scalability_Emitter.uexp" 831
"../../../Engine/Plugins/FX/Niagara/Content/Icons/Modules/T_Icon_Scalability_System.uasset" 832
"../../../Engine/Plugins/FX/Niagara/Content/Icons/Modules/T_Icon_Scalability_System.uexp" 833
"../../../Engine/Plugins/FX/Niagara/Content/Icons/Modules/T_Icon_Solver_LimitAccel.uasset" 834
"../../../Engine/Plugins/FX/Niagara/Content/Icons/Modules/T_Icon_Solver_LimitAccel.uexp" 835
"../../../Engine/Plugins/FX/Niagara/Content/Icons/Modules/T_Icon_Solver_LimitSpeed.uasset" 836
"../../../Engine/Plugins/FX/Niagara/Content/Icons/Modules/T_Icon_Solver_LimitSpeed.uexp" 837
"../../../Engine/Plugins/FX/Niagara/Content/Icons/Modules/T_Icon_Solver_RotationalSolve.uasset" 838
"../../../Engine/Plugins/FX/Niagara/Content/Icons/Modules/T_Icon_Solver_RotationalSolve.uexp" 839
"../../../Engine/Plugins/FX/Niagara/Content/Icons/Modules/T_Icon_Particle_InfiniteLife.uasset" 840
"../../../Engine/Plugins/FX/Niagara/Content/Icons/Modules/T_Icon_Particle_InfiniteLife.uexp" 841
"../../../Engine/Plugins/FX/Niagara/Content/Enums/ENiagaraExpansionMode.uasset" 842
"../../../Engine/Plugins/FX/Niagara/Content/Enums/ENiagaraExpansionMode.uexp" 843
"C:/Users/zegam/source/repos/projeto-integrador-pe01-unrealengine-2026/Content/Material/Air.uasset" 844
"C:/Users/zegam/source/repos/projeto-integrador-pe01-unrealengine-2026/Content/Material/Air.uexp" 845
"C:/Users/zegam/source/repos/projeto-integrador-pe01-unrealengine-2026/Content/VFX/Bubbles.uasset" 846
"C:/Users/zegam/source/repos/projeto-integrador-pe01-unrealengine-2026/Content/VFX/Bubbles.uexp" 847
"../../../Engine/Content/EditorMaterials/PhAT_NoCollisionMaterial.uasset" 848
"../../../Engine/Content/EditorMaterials/PhAT_NoCollisionMaterial.uexp" 849
"../../../Engine/Content/EditorMaterials/PhAT_UnselectedMaterial.uasset" 850
"../../../Engine/Content/EditorMaterials/PhAT_UnselectedMaterial.uexp" 851
"../../../Engine/Content/EditorMaterials/PreviewShadowIndicator.ubulk" 852
"../../../Engine/Content/EditorMaterials/PreviewShadowIndicator.uasset" 853
"../../../Engine/Content/EditorMaterials/PreviewShadowIndicator.uexp" 854
"../../../Engine/Content/EditorMaterials/PreviewShadowIndicatorMaterial.uasset" 855
"../../../Engine/Content/EditorMaterials/PreviewShadowIndicatorMaterial.uexp" 856
"../../../Engine/Content/EngineResources/Development/ZenLogo_64.uasset" 857
"../../../Engine/Content/EngineResources/Development/ZenLogo_64.uexp" 858
"../../../Engine/Content/EngineResources/FilmGrains/Marcie_Grain_v3_128_M2_000.uasset" 859
"../../../Engine/Content/EngineResources/FilmGrains/Marcie_Grain_v3_128_M2_000.uexp" 860
"../../../Engine/Content/Functions/Engine_MaterialFunctions02/Utility/BreakOutFloat4Components.uasset" 861
"../../../Engine/Content/Functions/Engine_MaterialFunctions02/Utility/BreakOutFloat4Components.uexp" 862
"../../../Engine/Content/Functions/Engine_MaterialFunctions02/Utility/MakeFloat4.uasset" 863
"../../../Engine/Content/Functions/Engine_MaterialFunctions02/Utility/MakeFloat4.uexp" 864
"../../../Engine/Content/EngineResources/DefaultVolumeTexture2D.uasset" 865
"../../../Engine/Content/EngineResources/DefaultVolumeTexture2D.uexp" 866
"../../../Engine/Content/EngineResources/DefaultVolumeTexture.uasset" 867
"../../../Engine/Content/EngineResources/DefaultVolumeTexture.uexp" 868
"../../../Engine/Content/EngineSky/VolumetricClouds/VT_Lightning.uasset" 869
"../../../Engine/Content/EngineSky/VolumetricClouds/VT_Lightning.uexp" 870
"../../../Engine/Content/Functions/Engine_MaterialFunctions01/Units/Km-to-Cm.uasset" 871
"../../../Engine/Content/Functions/Engine_MaterialFunctions01/Units/Km-to-Cm.uexp" 872
"../../../Engine/Content/EngineSky/VolumetricClouds/m_SimpleVolumetricCloud.uasset" 873
"../../../Engine/Content/EngineSky/VolumetricClouds/m_SimpleVolumetricCloud.uexp" 874
"../../../Engine/Content/EngineSky/VolumetricClouds/T_CloudMask.ubulk" 875
"../../../Engine/Content/EngineSky/VolumetricClouds/T_CloudMask.uasset" 876
"../../../Engine/Content/EngineSky/VolumetricClouds/T_CloudMask.uexp" 877
"../../../Engine/Content/EngineSky/VolumetricClouds/T_CloudPattern.ubulk" 878
"../../../Engine/Content/EngineSky/VolumetricClouds/T_CloudPattern.uasset" 879
"../../../Engine/Content/EngineSky/VolumetricClouds/T_CloudPattern.uexp" 880
"../../../Engine/Content/EngineSky/VolumetricClouds/T_Profile_08.ubulk" 881
"../../../Engine/Content/EngineSky/VolumetricClouds/T_Profile_08.uasset" 882
"../../../Engine/Content/EngineSky/VolumetricClouds/T_Profile_08.uexp" 883
"../../../Engine/Content/EngineSky/VolumetricClouds/VT_PerlinWorley_Balanced.uasset" 884
"../../../Engine/Content/EngineSky/VolumetricClouds/VT_PerlinWorley_Balanced.uexp" 885
"../../../Engine/Content/EngineSky/VolumetricClouds/m_SimpleVolumetricCloud_Inst.uasset" 886
"../../../Engine/Content/EngineSky/VolumetricClouds/m_SimpleVolumetricCloud_Inst.uexp" 887
"../../../Engine/Content/EditorMaterials/Dataflow/DataflowTwoSidedVertexMaterial.uasset" 888
"../../../Engine/Content/EditorMaterials/Dataflow/DataflowTwoSidedVertexMaterial.uexp" 889
"../../../Engine/Content/EditorMaterials/Dataflow/DataflowVertexMaterial.uasset" 890
"../../../Engine/Content/EditorMaterials/Dataflow/DataflowVertexMaterial.uexp" 891
"../../../Engine/Content/EditorMaterials/ParticleSystems/PSysThumbnail_NoImage.ubulk" 892
"../../../Engine/Content/EditorMaterials/ParticleSystems/PSysThumbnail_NoImage.uasset" 893
"../../../Engine/Content/EditorMaterials/ParticleSystems/PSysThumbnail_NoImage.uexp" 894
"../../../Engine/Content/EditorMaterials/ParticleSystems/PSysThumbnail_OOD.ubulk" 895
"../../../Engine/Content/EditorMaterials/ParticleSystems/PSysThumbnail_OOD.uasset" 896
"../../../Engine/Content/EditorMaterials/ParticleSystems/PSysThumbnail_OOD.uexp" 897
"../../../Engine/Plugins/Experimental/Landmass/Content/Landscape/Meshes/S_SpritePlane.ubulk" 898
"../../../Engine/Plugins/Experimental/Landmass/Content/Landscape/Meshes/S_SpritePlane.uasset" 899
"../../../Engine/Plugins/Experimental/Landmass/Content/Landscape/Meshes/S_SpritePlane.uexp" 900
"../../../Engine/Content/EditorMaterials/Camera/CineMat.uasset" 901
"../../../Engine/Content/EditorMaterials/Camera/CineMat.uexp" 902
"../../../Engine/Content/EditorMaterials/Camera/MI_CineMat_Rig.uasset" 903
"../../../Engine/Content/EditorMaterials/Camera/MI_CineMat_Rig.uexp" 904
"../../../Engine/Content/EditorMeshes/Camera/SM_CraneRig_Arm.ubulk" 905
"../../../Engine/Content/EditorMeshes/Camera/SM_CraneRig_Arm.uasset" 906
"../../../Engine/Content/EditorMeshes/Camera/SM_CraneRig_Arm.uexp" 907
"../../../Engine/Content/EditorMeshes/Camera/SM_CraneRig_Base.ubulk" 908
"../../../Engine/Content/EditorMeshes/Camera/SM_CraneRig_Base.uasset" 909
"../../../Engine/Content/EditorMeshes/Camera/SM_CraneRig_Base.uexp" 910
"../../../Engine/Content/EditorMeshes/Camera/SM_CraneRig_Body.ubulk" 911
"../../../Engine/Content/EditorMeshes/Camera/SM_CraneRig_Body.uasset" 912
"../../../Engine/Content/EditorMeshes/Camera/SM_CraneRig_Body.uexp" 913
"../../../Engine/Content/EditorMeshes/Camera/SM_CraneRig_Mount.ubulk" 914
"../../../Engine/Content/EditorMeshes/Camera/SM_CraneRig_Mount.uasset" 915
"../../../Engine/Content/EditorMeshes/Camera/SM_CraneRig_Mount.uexp" 916
"../../../Engine/Content/EditorMeshes/Camera/SM_RailRig_Mount.ubulk" 917
"../../../Engine/Content/EditorMeshes/Camera/SM_RailRig_Mount.uasset" 918
"../../../Engine/Content/EditorMeshes/Camera/SM_RailRig_Mount.uexp" 919
"../../../Engine/Content/EditorMeshes/Camera/SM_RailRig_Track.ubulk" 920
"../../../Engine/Content/EditorMeshes/Camera/SM_RailRig_Track.uasset" 921
"../../../Engine/Content/EditorMeshes/Camera/SM_RailRig_Track.uexp" 922
"../../../Engine/Plugins/Animation/DeformerGraph/Content/DeformerFunctions/DG_Function_LinearBlendSkin_Morph_Cloth.uasset" 923
"../../../Engine/Plugins/Animation/DeformerGraph/Content/DeformerFunctions/DG_Function_LinearBlendSkin_Morph_Cloth.uexp" 924
"../../../Engine/Plugins/Animation/DeformerGraph/Content/Deformers/DG_LinearBlendSkin_Morph_Cloth.uasset" 925
"../../../Engine/Plugins/Animation/DeformerGraph/Content/Deformers/DG_LinearBlendSkin_Morph_Cloth.uexp" 926
"../../../Engine/Plugins/Animation/DeformerGraph/Content/DeformerFunctions/DG_Function_ComputeNormalsTangents.uasset" 927
"../../../Engine/Plugins/Animation/DeformerGraph/Content/DeformerFunctions/DG_Function_ComputeNormalsTangents.uexp" 928
"../../../Engine/Plugins/Animation/DeformerGraph/Content/DeformerFunctions/DG_Function_LinearBlendSkin_Morph_Cloth_PositionOnly.uasset" 929
"../../../Engine/Plugins/Animation/DeformerGraph/Content/DeformerFunctions/DG_Function_LinearBlendSkin_Morph_Cloth_PositionOnly.uexp" 930
"../../../Engine/Plugins/Animation/DeformerGraph/Content/Deformers/DG_LinearBlendSkin_Morph_Cloth_RecomputeNormals.uasset" 931
"../../../Engine/Plugins/Animation/DeformerGraph/Content/Deformers/DG_LinearBlendSkin_Morph_Cloth_RecomputeNormals.uexp" 932
"../../../Engine/Content/Functions/Engine_MaterialFunctions02/WorldPositionOffset/ObjectScale.uasset" 933
"../../../Engine/Content/Functions/Engine_MaterialFunctions02/WorldPositionOffset/ObjectScale.uexp" 934
"../../../Engine/Plugins/Editor/SpeedTreeImporter/Content/SpeedTree9/Empty.uasset" 935
"../../../Engine/Plugins/Editor/SpeedTreeImporter/Content/SpeedTree9/Empty.uexp" 936
"../../../Engine/Plugins/Editor/SpeedTreeImporter/Content/SpeedTree9/EmptyNormal.uasset" 937
"../../../Engine/Plugins/Editor/SpeedTreeImporter/Content/SpeedTree9/EmptyNormal.uexp" 938
"../../../Engine/Plugins/Editor/SpeedTreeImporter/Content/SpeedTree9/game_wind_noise.ubulk" 939
"../../../Engine/Plugins/Editor/SpeedTreeImporter/Content/SpeedTree9/game_wind_noise.uasset" 940
"../../../Engine/Plugins/Editor/SpeedTreeImporter/Content/SpeedTree9/game_wind_noise.uexp" 941
"../../../Engine/Plugins/Editor/SpeedTreeImporter/Content/SpeedTree9/SpeedTreeBillboard.uasset" 942
"../../../Engine/Plugins/Editor/SpeedTreeImporter/Content/SpeedTree9/SpeedTreeBillboard.uexp" 943
"../../../Engine/Content/Functions/Engine_MaterialFunctions02/SafeNormalize.uasset" 944
"../../../Engine/Content/Functions/Engine_MaterialFunctions02/SafeNormalize.uexp" 945
"../../../Engine/Plugins/Editor/SpeedTreeImporter/Content/SpeedTree9/SpeedTreeWindMotion.uasset" 946
"../../../Engine/Plugins/Editor/SpeedTreeImporter/Content/SpeedTree9/SpeedTreeWindMotion.uexp" 947
"../../../Engine/Plugins/Editor/SpeedTreeImporter/Content/SpeedTree9/UnpackDirection.uasset" 948
"../../../Engine/Plugins/Editor/SpeedTreeImporter/Content/SpeedTree9/UnpackDirection.uexp" 949
"../../../Engine/Plugins/Editor/SpeedTreeImporter/Content/SpeedTree9/UnpackInteger3.uasset" 950
"../../../Engine/Plugins/Editor/SpeedTreeImporter/Content/SpeedTree9/UnpackInteger3.uexp" 951
"../../../Engine/Plugins/Editor/SpeedTreeImporter/Content/SpeedTree9/SpeedTreeBranchMotion.uasset" 952
"../../../Engine/Plugins/Editor/SpeedTreeImporter/Content/SpeedTree9/SpeedTreeBranchMotion.uexp" 953
"../../../Engine/Content/Functions/Engine_MaterialFunctions02/ObjectLocalBounds.uasset" 954
"../../../Engine/Content/Functions/Engine_MaterialFunctions02/ObjectLocalBounds.uexp" 955
"../../../Engine/Content/Functions/Engine_MaterialFunctions02/UVs/BoundingBoxBased_0-1_UVW.uasset" 956
"../../../Engine/Content/Functions/Engine_MaterialFunctions02/UVs/BoundingBoxBased_0-1_UVW.uexp" 957
"../../../Engine/Plugins/Editor/SpeedTreeImporter/Content/SpeedTree9/SpeedTreeWind.uasset" 958
"../../../Engine/Plugins/Editor/SpeedTreeImporter/Content/SpeedTree9/SpeedTreeWind.uexp" 959
"../../../Engine/Plugins/Editor/SpeedTreeImporter/Content/SpeedTree9/SpeedTreeBillboardMaster.uasset" 960
"../../../Engine/Plugins/Editor/SpeedTreeImporter/Content/SpeedTree9/SpeedTreeBillboardMaster.uexp" 961
"../../../Engine/Plugins/Editor/SpeedTreeImporter/Content/SpeedTree9/SpeedTreeCameraFacing.uasset" 962
"../../../Engine/Plugins/Editor/SpeedTreeImporter/Content/SpeedTree9/SpeedTreeCameraFacing.uexp" 963
"../../../Engine/Plugins/Editor/SpeedTreeImporter/Content/SpeedTree9/SpeedTreeMaster.uasset" 964
"../../../Engine/Plugins/Editor/SpeedTreeImporter/Content/SpeedTree9/SpeedTreeMaster.uexp" 965
"../../../Engine/Content/Functions/Engine_MaterialFunctions01/Texturing/FlattenNormal.uasset" 966
"../../../Engine/Content/Functions/Engine_MaterialFunctions01/Texturing/FlattenNormal.uexp" 967
"../../../Engine/Plugins/Interchange/Assets/Content/Utilities/New_LUT.uasset" 968
"../../../Engine/Plugins/Interchange/Assets/Content/Utilities/New_LUT.uexp" 969
"../../../Engine/Content/Functions/Engine_MaterialFunctions03/Math/RemapValueRange.uasset" 970
"../../../Engine/Content/Functions/Engine_MaterialFunctions03/Math/RemapValueRange.uexp" 971
"../../../Engine/Plugins/Interchange/Assets/Content/Functions/MF_Iridescence.uasset" 972
"../../../Engine/Plugins/Interchange/Assets/Content/Functions/MF_Iridescence.uexp" 973
"../../../Engine/Plugins/Interchange/Assets/Content/gltf/Textures/T_White_srgb.uasset" 974
"../../../Engine/Plugins/Interchange/Assets/Content/gltf/Textures/T_White_srgb.uexp" 975
"../../../Engine/Plugins/Interchange/Assets/Content/gltf/MaterialFunctions/MF_BaseColor.uasset" 976
"../../../Engine/Plugins/Interchange/Assets/Content/gltf/MaterialFunctions/MF_BaseColor.uexp" 977
"../../../Engine/Plugins/Interchange/Assets/Content/gltf/MaterialFunctions/MF_RotateNormals_TS.uasset" 978
"../../../Engine/Plugins/Interchange/Assets/Content/gltf/MaterialFunctions/MF_RotateNormals_TS.uexp" 979
"../../../Engine/Plugins/Interchange/Assets/Content/gltf/Textures/T_Generic_N.uasset" 980
"../../../Engine/Plugins/Interchange/Assets/Content/gltf/Textures/T_Generic_N.uexp" 981
"../../../Engine/Plugins/Interchange/Assets/Content/gltf/Textures/T_White_Linear.uasset" 982
"../../../Engine/Plugins/Interchange/Assets/Content/gltf/Textures/T_White_Linear.uexp" 983
"../../../Engine/Plugins/Interchange/Assets/Content/gltf/MaterialFunctions/MF_Clearcoat.uasset" 984
"../../../Engine/Plugins/Interchange/Assets/Content/gltf/MaterialFunctions/MF_Clearcoat.uexp" 985
"../../../Engine/Plugins/Interchange/Assets/Content/gltf/MaterialFunctions/MF_Emissive.uasset" 986
"../../../Engine/Plugins/Interchange/Assets/Content/gltf/MaterialFunctions/MF_Emissive.uexp" 987
"../../../Engine/Plugins/Interchange/Assets/Content/gltf/MaterialFunctions/MF_IOR.uasset" 988
"../../../Engine/Plugins/Interchange/Assets/Content/gltf/MaterialFunctions/MF_IOR.uexp" 989
"../../../Engine/Plugins/Interchange/Assets/Content/gltf/MaterialFunctions/MF_Iridescence.uasset" 990
"../../../Engine/Plugins/Interchange/Assets/Content/gltf/MaterialFunctions/MF_Iridescence.uexp" 991
"../../../Engine/Plugins/Interchange/Assets/Content/gltf/MaterialFunctions/MF_MetallicRoughness.uasset" 992
"../../../Engine/Plugins/Interchange/Assets/Content/gltf/MaterialFunctions/MF_MetallicRoughness.uexp" 993
"../../../Engine/Plugins/Interchange/Assets/Content/gltf/MaterialFunctions/MF_ScaleNormal.uasset" 994
"../../../Engine/Plugins/Interchange/Assets/Content/gltf/MaterialFunctions/MF_ScaleNormal.uexp" 995
"../../../Engine/Plugins/Interchange/Assets/Content/gltf/MaterialFunctions/MF_Normals.uasset" 996
"../../../Engine/Plugins/Interchange/Assets/Content/gltf/MaterialFunctions/MF_Normals.uexp" 997
"../../../Engine/Plugins/Interchange/Assets/Content/gltf/MaterialFunctions/MF_Occlusion.uasset" 998
"../../../Engine/Plugins/Interchange/Assets/Content/gltf/MaterialFunctions/MF_Occlusion.uexp" 999
"../../../Engine/Plugins/Interchange/Assets/Content/gltf/MaterialFunctions/MF_Specular.uasset" 1000
"../../../Engine/Plugins/Interchange/Assets/Content/gltf/MaterialFunctions/MF_Specular.uexp" 1001
"../../../Engine/Plugins/Interchange/Assets/Content/gltf/Textures/T_Anisotropy_Direction_Linear.uasset" 1002
"../../../Engine/Plugins/Interchange/Assets/Content/gltf/Textures/T_Anisotropy_Direction_Linear.uexp" 1003
"../../../Engine/Plugins/Interchange/Assets/Content/gltf/MaterialFunctions/MF_SpecularAnisotropy.uasset" 1004
"../../../Engine/Plugins/Interchange/Assets/Content/gltf/MaterialFunctions/MF_SpecularAnisotropy.uexp" 1005
"../../../Engine/Plugins/Interchange/Assets/Content/gltf/MaterialFunctions/MF_RotateV2.uasset" 1006
"../../../Engine/Plugins/Interchange/Assets/Content/gltf/MaterialFunctions/MF_RotateV2.uexp" 1007
"../../../Engine/Plugins/Interchange/Assets/Content/gltf/MaterialFunctions/MF_TransformUVs.uasset" 1008
"../../../Engine/Plugins/Interchange/Assets/Content/gltf/MaterialFunctions/MF_TransformUVs.uexp" 1009
"../../../Engine/Plugins/Interchange/Assets/Content/gltf/MaterialBodies/MF_ClearCoat_Body.uasset" 1010
"../../../Engine/Plugins/Interchange/Assets/Content/gltf/MaterialBodies/MF_ClearCoat_Body.uexp" 1011
"../../../Engine/Plugins/Interchange/Assets/Content/gltf/M_ClearCoat.uasset" 1012
"../../../Engine/Plugins/Interchange/Assets/Content/gltf/M_ClearCoat.uexp" 1013
"../../../Engine/Plugins/Interchange/Assets/Content/gltf/MaterialInstances/MI_ClearCoat_Blend_DS.uasset" 1014
"../../../Engine/Plugins/Interchange/Assets/Content/gltf/MaterialInstances/MI_ClearCoat_Blend_DS.uexp" 1015
"../../../Engine/Plugins/Interchange/Assets/Content/gltf/MaterialInstances/MI_ClearCoat_Mask.uasset" 1016
"../../../Engine/Plugins/Interchange/Assets/Content/gltf/MaterialInstances/MI_ClearCoat_Mask.uexp" 1017
"../../../Engine/Plugins/Interchange/Assets/Content/gltf/MaterialInstances/MI_ClearCoat_Mask_DS.uasset" 1018
"../../../Engine/Plugins/Interchange/Assets/Content/gltf/MaterialInstances/MI_ClearCoat_Mask_DS.uexp" 1019
"../../../Engine/Plugins/Interchange/Assets/Content/gltf/MaterialInstances/MI_ClearCoat_Opaque.uasset" 1020
"../../../Engine/Plugins/Interchange/Assets/Content/gltf/MaterialInstances/MI_ClearCoat_Opaque.uexp" 1021
"../../../Engine/Plugins/Interchange/Assets/Content/gltf/MaterialInstances/MI_ClearCoat_Opaque_DS.uasset" 1022
"../../../Engine/Plugins/Interchange/Assets/Content/gltf/MaterialInstances/MI_ClearCoat_Opaque_DS.uexp" 1023
"../../../Engine/Plugins/Interchange/Assets/Content/gltf/MaterialBodies/MF_Default_Body.uasset" 1024
"../../../Engine/Plugins/Interchange/Assets/Content/gltf/MaterialBodies/MF_Default_Body.uexp" 1025
"../../../Engine/Plugins/Interchange/Assets/Content/gltf/M_Default.uasset" 1026
"../../../Engine/Plugins/Interchange/Assets/Content/gltf/M_Default.uexp" 1027
"../../../Engine/Plugins/Interchange/Assets/Content/gltf/MaterialInstances/MI_Default_Blend.uasset" 1028
"../../../Engine/Plugins/Interchange/Assets/Content/gltf/MaterialInstances/MI_Default_Blend.uexp" 1029
"../../../Engine/Plugins/Interchange/Assets/Content/gltf/MaterialInstances/MI_Default_Blend_DS.uasset" 1030
"../../../Engine/Plugins/Interchange/Assets/Content/gltf/MaterialInstances/MI_Default_Blend_DS.uexp" 1031
"../../../Engine/Plugins/Interchange/Assets/Content/gltf/MaterialInstances/MI_Default_Mask.uasset" 1032
"../../../Engine/Plugins/Interchange/Assets/Content/gltf/MaterialInstances/MI_Default_Mask.uexp" 1033
"../../../Engine/Plugins/Interchange/Assets/Content/gltf/MaterialInstances/MI_Default_Mask_DS.uasset" 1034
"../../../Engine/Plugins/Interchange/Assets/Content/gltf/MaterialInstances/MI_Default_Mask_DS.uexp" 1035
"../../../Engine/Plugins/Interchange/Assets/Content/gltf/MaterialInstances/MI_Default_Opaque.uasset" 1036
"../../../Engine/Plugins/Interchange/Assets/Content/gltf/MaterialInstances/MI_Default_Opaque.uexp" 1037
"../../../Engine/Plugins/Interchange/Assets/Content/gltf/MaterialFunctions/MF_Sheen.uasset" 1038
"../../../Engine/Plugins/Interchange/Assets/Content/gltf/MaterialFunctions/MF_Sheen.uexp" 1039
"../../../Engine/Plugins/Interchange/Assets/Content/gltf/MaterialBodies/MF_Sheen_Body.uasset" 1040
"../../../Engine/Plugins/Interchange/Assets/Content/gltf/MaterialBodies/MF_Sheen_Body.uexp" 1041
"../../../Engine/Plugins/Interchange/Assets/Content/gltf/M_Sheen.uasset" 1042
"../../../Engine/Plugins/Interchange/Assets/Content/gltf/M_Sheen.uexp" 1043
"../../../Engine/Plugins/Interchange/Assets/Content/gltf/MaterialInstances/MI_Sheen_Blend.uasset" 1044
"../../../Engine/Plugins/Interchange/Assets/Content/gltf/MaterialInstances/MI_Sheen_Blend.uexp" 1045
"../../../Engine/Plugins/Interchange/Assets/Content/gltf/MaterialInstances/MI_Sheen_Blend_DS.uasset" 1046
"../../../Engine/Plugins/Interchange/Assets/Content/gltf/MaterialInstances/MI_Sheen_Blend_DS.uexp" 1047
"../../../Engine/Plugins/Interchange/Assets/Content/gltf/MaterialInstances/MI_Sheen_Mask.uasset" 1048
"../../../Engine/Plugins/Interchange/Assets/Content/gltf/MaterialInstances/MI_Sheen_Mask.uexp" 1049
"../../../Engine/Plugins/Interchange/Assets/Content/gltf/MaterialInstances/MI_Sheen_Mask_DS.uasset" 1050
"../../../Engine/Plugins/Interchange/Assets/Content/gltf/MaterialInstances/MI_Sheen_Mask_DS.uexp" 1051
"../../../Engine/Plugins/Interchange/Assets/Content/gltf/MaterialInstances/MI_Sheen_Opaque.uasset" 1052
"../../../Engine/Plugins/Interchange/Assets/Content/gltf/MaterialInstances/MI_Sheen_Opaque.uexp" 1053
"../../../Engine/Plugins/Interchange/Assets/Content/gltf/MaterialInstances/MI_Sheen_Opaque_DS.uasset" 1054
"../../../Engine/Plugins/Interchange/Assets/Content/gltf/MaterialInstances/MI_Sheen_Opaque_DS.uexp" 1055
"../../../Engine/Plugins/Interchange/Assets/Content/gltf/MaterialFunctions/MF_DiffuseSpecGloss.uasset" 1056
"../../../Engine/Plugins/Interchange/Assets/Content/gltf/MaterialFunctions/MF_DiffuseSpecGloss.uexp" 1057
"../../../Engine/Plugins/Interchange/Assets/Content/gltf/MaterialFunctions/MF_MaxComponentValue.uasset" 1058
"../../../Engine/Plugins/Interchange/Assets/Content/gltf/MaterialFunctions/MF_MaxComponentValue.uexp" 1059
"../../../Engine/Content/Functions/Engine_MaterialFunctions02/Math/AddComponents.uasset" 1060
"../../../Engine/Content/Functions/Engine_MaterialFunctions02/Math/AddComponents.uexp" 1061
"../../../Engine/Plugins/Interchange/Assets/Content/gltf/MaterialFunctions/MF_PerceivedBrightness.uasset" 1062
"../../../Engine/Plugins/Interchange/Assets/Content/gltf/MaterialFunctions/MF_PerceivedBrightness.uexp" 1063
"../../../Engine/Plugins/Interchange/Assets/Content/gltf/MaterialFunctions/MF_SpecGlossToMetalRoughness.uasset" 1064
"../../../Engine/Plugins/Interchange/Assets/Content/gltf/MaterialFunctions/MF_SpecGlossToMetalRoughness.uexp" 1065
"../../../Engine/Plugins/Interchange/Assets/Content/gltf/MaterialBodies/MF_SpecularGlossiness_Body.uasset" 1066
"../../../Engine/Plugins/Interchange/Assets/Content/gltf/MaterialBodies/MF_SpecularGlossiness_Body.uexp" 1067
"../../../Engine/Plugins/Interchange/Assets/Content/gltf/M_SpecularGlossiness.uasset" 1068
"../../../Engine/Plugins/Interchange/Assets/Content/gltf/M_SpecularGlossiness.uexp" 1069
"../../../Engine/Plugins/Interchange/Assets/Content/gltf/MaterialInstances/MI_SpecularGlossiness_Blend.uasset" 1070
"../../../Engine/Plugins/Interchange/Assets/Content/gltf/MaterialInstances/MI_SpecularGlossiness_Blend.uexp" 1071
"../../../Engine/Plugins/Interchange/Assets/Content/gltf/MaterialInstances/MI_SpecularGlossiness_Blend_DS.uasset" 1072
"../../../Engine/Plugins/Interchange/Assets/Content/gltf/MaterialInstances/MI_SpecularGlossiness_Blend_DS.uexp" 1073
"../../../Engine/Plugins/Interchange/Assets/Content/gltf/MaterialInstances/MI_SpecularGlossiness_Mask.uasset" 1074
"../../../Engine/Plugins/Interchange/Assets/Content/gltf/MaterialInstances/MI_SpecularGlossiness_Mask.uexp" 1075
"../../../Engine/Plugins/Interchange/Assets/Content/gltf/MaterialInstances/MI_SpecularGlossiness_Mask_DS.uasset" 1076
"../../../Engine/Plugins/Interchange/Assets/Content/gltf/MaterialInstances/MI_SpecularGlossiness_Mask_DS.uexp" 1077
"../../../Engine/Plugins/Interchange/Assets/Content/gltf/MaterialInstances/MI_SpecularGlossiness_Opaque.uasset" 1078
"../../../Engine/Plugins/Interchange/Assets/Content/gltf/MaterialInstances/MI_SpecularGlossiness_Opaque.uexp" 1079
"../../../Engine/Plugins/Interchange/Assets/Content/gltf/MaterialInstances/MI_SpecularGlossiness_Opaque_DS.uasset" 1080
"../../../Engine/Plugins/Interchange/Assets/Content/gltf/MaterialInstances/MI_SpecularGlossiness_Opaque_DS.uexp" 1081
"../../../Engine/Content/EngineMaterials/Good64x64TilingNoiseHighFreq.uasset" 1082
"../../../Engine/Content/EngineMaterials/Good64x64TilingNoiseHighFreq.uexp" 1083
"../../../Engine/Content/Functions/Engine_MaterialFunctions02/Texturing/ScreenAlignedPixelToPixelUVs.uasset" 1084
"../../../Engine/Content/Functions/Engine_MaterialFunctions02/Texturing/ScreenAlignedPixelToPixelUVs.uexp" 1085
"../../../Engine/Plugins/Interchange/Assets/Content/gltf/MaterialFunctions/MF_Fresnel_DS.uasset" 1086
"../../../Engine/Plugins/Interchange/Assets/Content/gltf/MaterialFunctions/MF_Fresnel_DS.uexp" 1087
"../../../Engine/Plugins/Interchange/Assets/Content/gltf/MaterialFunctions/MF_Temporal_Blur.uasset" 1088
"../../../Engine/Plugins/Interchange/Assets/Content/gltf/MaterialFunctions/MF_Temporal_Blur.uexp" 1089
"../../../Engine/Plugins/Interchange/Assets/Content/gltf/MaterialFunctions/MF_Transmission.uasset" 1090
"../../../Engine/Plugins/Interchange/Assets/Content/gltf/MaterialFunctions/MF_Transmission.uexp" 1091
"../../../Engine/Plugins/Interchange/Assets/Content/gltf/MaterialBodies/MF_Transmission_Body.uasset" 1092
"../../../Engine/Plugins/Interchange/Assets/Content/gltf/MaterialBodies/MF_Transmission_Body.uexp" 1093
"../../../Engine/Plugins/Interchange/Assets/Content/gltf/M_Transmission.uasset" 1094
"../../../Engine/Plugins/Interchange/Assets/Content/gltf/M_Transmission.uexp" 1095
"../../../Engine/Plugins/Interchange/Assets/Content/gltf/MaterialInstances/MI_Transmission.uasset" 1096
"../../../Engine/Plugins/Interchange/Assets/Content/gltf/MaterialInstances/MI_Transmission.uexp" 1097
"../../../Engine/Plugins/Interchange/Assets/Content/gltf/MaterialInstances/MI_Transmission_DS.uasset" 1098
"../../../Engine/Plugins/Interchange/Assets/Content/gltf/MaterialInstances/MI_Transmission_DS.uexp" 1099
"../../../Engine/Plugins/Interchange/Assets/Content/gltf/MaterialBodies/MF_Unlit_Body.uasset" 1100
"../../../Engine/Plugins/Interchange/Assets/Content/gltf/MaterialBodies/MF_Unlit_Body.uexp" 1101
"../../../Engine/Plugins/Interchange/Assets/Content/gltf/M_Unlit.uasset" 1102
"../../../Engine/Plugins/Interchange/Assets/Content/gltf/M_Unlit.uexp" 1103
"../../../Engine/Plugins/Interchange/Assets/Content/gltf/MaterialInstances/MI_Unlit_Blend.uasset" 1104
"../../../Engine/Plugins/Interchange/Assets/Content/gltf/MaterialInstances/MI_Unlit_Blend.uexp" 1105
"../../../Engine/Plugins/Interchange/Assets/Content/gltf/MaterialInstances/MI_Unlit_Blend_DS.uasset" 1106
"../../../Engine/Plugins/Interchange/Assets/Content/gltf/MaterialInstances/MI_Unlit_Blend_DS.uexp" 1107
"../../../Engine/Plugins/Interchange/Assets/Content/gltf/MaterialInstances/MI_Unlit_Mask.uasset" 1108
"../../../Engine/Plugins/Interchange/Assets/Content/gltf/MaterialInstances/MI_Unlit_Mask.uexp" 1109
"../../../Engine/Plugins/Interchange/Assets/Content/gltf/MaterialInstances/MI_Unlit_Mask_DS.uasset" 1110
"../../../Engine/Plugins/Interchange/Assets/Content/gltf/MaterialInstances/MI_Unlit_Mask_DS.uexp" 1111
"../../../Engine/Plugins/Interchange/Assets/Content/gltf/MaterialInstances/MI_Unlit_Opaque.uasset" 1112
"../../../Engine/Plugins/Interchange/Assets/Content/gltf/MaterialInstances/MI_Unlit_Opaque.uexp" 1113
"../../../Engine/Plugins/Interchange/Assets/Content/gltf/MaterialInstances/MI_Unlit_Opaque_DS.uasset" 1114
"../../../Engine/Plugins/Interchange/Assets/Content/gltf/MaterialInstances/MI_Unlit_Opaque_DS.uexp" 1115
"../../../Engine/Content/EngineResources/DefaultTexture.ubulk" 1116
"../../../Engine/Content/EngineResources/DefaultTexture.uasset" 1117
"../../../Engine/Content/EngineResources/DefaultTexture.uexp" 1118
"../../../Engine/Content/EngineMaterials/DefaultNormal.ubulk" 1119
"../../../Engine/Content/EngineMaterials/DefaultNormal.uasset" 1120
"../../../Engine/Content/EngineMaterials/DefaultNormal.uexp" 1121
"../../../Engine/Content/Functions/Engine_MaterialFunctions03/Procedurals/NormalFromHeightmap.uasset" 1122
"../../../Engine/Content/Functions/Engine_MaterialFunctions03/Procedurals/NormalFromHeightmap.uexp" 1123
"../../../Engine/Plugins/Interchange/Assets/Content/Functions/MF_PhongToMetalRoughness.uasset" 1124
"../../../Engine/Plugins/Interchange/Assets/Content/Functions/MF_PhongToMetalRoughness.uexp" 1125
"../../../Engine/Plugins/Interchange/Assets/Content/Materials/FBXLegacyPhongSurfaceMaterial.uasset" 1126
"../../../Engine/Plugins/Interchange/Assets/Content/Materials/FBXLegacyPhongSurfaceMaterial.uexp" 1127
"C:/Users/zegam/source/repos/projeto-integrador-pe01-unrealengine-2026/Content/Character/Shark/Shark_Texture.ubulk" 1128
"C:/Users/zegam/source/repos/projeto-integrador-pe01-unrealengine-2026/Content/Character/Shark/Shark_Texture.uasset" 1129
"C:/Users/zegam/source/repos/projeto-integrador-pe01-unrealengine-2026/Content/Character/Shark/Shark_Texture.uexp" 1130
"C:/Users/zegam/source/repos/projeto-integrador-pe01-unrealengine-2026/Content/Character/Shark/Material.uasset" 1131
"C:/Users/zegam/source/repos/projeto-integrador-pe01-unrealengine-2026/Content/Character/Shark/Material.uexp" 1132
"C:/Users/zegam/source/repos/projeto-integrador-pe01-unrealengine-2026/Content/Character/Shark/Shark_PhysicsAsset.uasset" 1133
"C:/Users/zegam/source/repos/projeto-integrador-pe01-unrealengine-2026/Content/Character/Shark/Shark_PhysicsAsset.uexp" 1134
"C:/Users/zegam/source/repos/projeto-integrador-pe01-unrealengine-2026/Content/Character/Shark/Shark_Skeleton.uasset" 1135
"C:/Users/zegam/source/repos/projeto-integrador-pe01-unrealengine-2026/Content/Character/Shark/Shark_Skeleton.uexp" 1136
"C:/Users/zegam/source/repos/projeto-integrador-pe01-unrealengine-2026/Content/Character/Shark/Shark.uasset" 1137
"C:/Users/zegam/source/repos/projeto-integrador-pe01-unrealengine-2026/Content/Character/Shark/Shark.uexp" 1138
"../../../Engine/Plugins/Interchange/Assets/Content/gltf/MaterialInstances/MI_ClearCoat_Blend.uasset" 1139
"../../../Engine/Plugins/Interchange/Assets/Content/gltf/MaterialInstances/MI_ClearCoat_Blend.uexp" 1140
"../../../Engine/Content/ArtTools/RenderToTexture/Meshes/S_1_Unit_Plane.ubulk" 1141
"../../../Engine/Content/ArtTools/RenderToTexture/Meshes/S_1_Unit_Plane.uasset" 1142
"../../../Engine/Content/ArtTools/RenderToTexture/Meshes/S_1_Unit_Plane.uexp" 1143
"../../../Engine/Content/EngineMaterials/Substrate/Glints2/AGlintTex2dArray2.uasset" 1144
"../../../Engine/Content/EngineMaterials/Substrate/Glints2/AGlintTex2dArray2.uexp" 1145
"../../../Engine/Content/EngineMaterials/Substrate/GLints/AGlintTex2dArray.uasset" 1146
"../../../Engine/Content/EngineMaterials/Substrate/GLints/AGlintTex2dArray.uexp" 1147
"../../../Engine/Content/Functions/Engine_MaterialFunctions01/Shading/ConvertFromDiffSpec.uasset" 1148
"../../../Engine/Content/Functions/Engine_MaterialFunctions01/Shading/ConvertFromDiffSpec.uexp" 1149
"../../../Engine/Content/Functions/Engine_MaterialFunctions01/Shading/PowerToRoughness.uasset" 1150
"../../../Engine/Content/Functions/Engine_MaterialFunctions01/Shading/PowerToRoughness.uexp" 1151
"../../../Engine/Content/EngineMaterials/Substrate/Volume/SubstrateSimpleVolumeEnvLUT3D.uasset" 1152
"../../../Engine/Content/EngineMaterials/Substrate/Volume/SubstrateSimpleVolumeEnvLUT3D.uexp" 1153
"../../../Engine/Content/EngineMaterials/Substrate/Volume/SubstrateSimpleVolumeLUT3D.uasset" 1154
"../../../Engine/Content/EngineMaterials/Substrate/Volume/SubstrateSimpleVolumeLUT3D.uexp" 1155
"C:/Users/zegam/source/repos/projeto-integrador-pe01-unrealengine-2026/Content/Character/Shark/Animations/Sharkmetarig_Swim_Shark.uasset" 1156
"C:/Users/zegam/source/repos/projeto-integrador-pe01-unrealengine-2026/Content/Character/Shark/Animations/Sharkmetarig_Swim_Shark.uexp" 1157
"../../../Engine/Content/EngineMaterials/BlendFunc_DefBase.uasset" 1158
"../../../Engine/Content/EngineMaterials/BlendFunc_DefBase.uexp" 1159
"../../../Engine/Content/EngineMaterials/BlendFunc_DefBlend.uasset" 1160
"../../../Engine/Content/EngineMaterials/BlendFunc_DefBlend.uexp" 1161
"../../../Engine/Content/Functions/Engine_MaterialFunctions03/Blends/Blend_Screen.uasset" 1162
"../../../Engine/Content/Functions/Engine_MaterialFunctions03/Blends/Blend_Screen.uexp" 1163
"../../../Engine/Content/EditorMaterials/TilingAALineIntegral.uasset" 1164
"../../../Engine/Content/EditorMaterials/TilingAALineIntegral.uexp" 1165
"../../../Engine/Content/EditorMaterials/TilingAALineBoxFiltered.uasset" 1166
"../../../Engine/Content/EditorMaterials/TilingAALineBoxFiltered.uexp" 1167
"../../../Engine/Content/Functions/Engine_MaterialFunctions03/Procedurals/ComputeFilterWidth.uasset" 1168
"../../../Engine/Content/Functions/Engine_MaterialFunctions03/Procedurals/ComputeFilterWidth.uexp" 1169
"../../../Engine/Content/EditorMaterials/TilingAAGrid.uasset" 1170
"../../../Engine/Content/EditorMaterials/TilingAAGrid.uexp" 1171
"../../../Engine/Content/EngineResources/Black_Low.uasset" 1172
"../../../Engine/Content/EngineResources/Black_Low.uexp" 1173
"../../../Engine/Plugins/Experimental/Landmass/Content/Landscape/BlueprintBrushes/MPC/MPC_Landscape.uasset" 1174
"../../../Engine/Plugins/Experimental/Landmass/Content/Landscape/BlueprintBrushes/MPC/MPC_Landscape.uexp" 1175
"../../../Engine/Plugins/Experimental/Landmass/Content/Landscape/BlueprintBrushes/MF/PointSampleLandscapeUVs.uasset" 1176
"../../../Engine/Plugins/Experimental/Landmass/Content/Landscape/BlueprintBrushes/MF/PointSampleLandscapeUVs.uexp" 1177
"../../../Engine/Content/Functions/Engine_MaterialFunctions01/ImageAdjustment/SCurve.uasset" 1178
"../../../Engine/Content/Functions/Engine_MaterialFunctions01/ImageAdjustment/SCurve.uexp" 1179
"../../../Engine/Plugins/Experimental/Landmass/Content/Landscape/OldPrototype_BP/Mats/MF/UnpackRG8Height.uasset" 1180
"../../../Engine/Plugins/Experimental/Landmass/Content/Landscape/OldPrototype_BP/Mats/MF/UnpackRG8Height.uexp" 1181
"../../../Engine/Content/ArtTools/RenderToTexture/Textures/T_EV_BlankWhite_01.uasset" 1182
"../../../Engine/Content/ArtTools/RenderToTexture/Textures/T_EV_BlankWhite_01.uexp" 1183
"../../../Engine/Plugins/Experimental/Landmass/Content/Landscape/BlueprintBrushes/MF/LandmassBrush_UVs.uasset" 1184
"../../../Engine/Plugins/Experimental/Landmass/Content/Landscape/BlueprintBrushes/MF/LandmassBrush_UVs.uexp" 1185
"../../../Engine/Plugins/Experimental/Landmass/Content/Landscape/BlueprintBrushes/MF/LandmassBrush_EdgeFalloff.uasset" 1186
"../../../Engine/Plugins/Experimental/Landmass/Content/Landscape/BlueprintBrushes/MF/LandmassBrush_EdgeFalloff.uexp" 1187
"../../../Engine/Plugins/Experimental/Landmass/Content/Landscape/BlueprintBrushes/MF/LandmassBrush_Noise.uasset" 1188
"../../../Engine/Plugins/Experimental/Landmass/Content/Landscape/BlueprintBrushes/MF/LandmassBrush_Noise.uexp" 1189
"../../../Engine/Plugins/Experimental/Landmass/Content/Landscape/BlueprintBrushes/MF/Landmass_BrushTilt.uasset" 1190
"../../../Engine/Plugins/Experimental/Landmass/Content/Landscape/BlueprintBrushes/MF/Landmass_BrushTilt.uexp" 1191
"../../../Engine/Plugins/Experimental/Landmass/Content/Landscape/BlueprintBrushes/Materials/BrushMaterials/BasicFunctions/LandmassBrush_ShapeMask.uasset" 1192
"../../../Engine/Plugins/Experimental/Landmass/Content/Landscape/BlueprintBrushes/Materials/BrushMaterials/BasicFunctions/LandmassBrush_ShapeMask.uexp" 1193
"../../../Engine/Plugins/Experimental/Landmass/Content/Landscape/BlueprintBrushes/Materials/Internal/BrushBounds.uasset" 1194
"../../../Engine/Plugins/Experimental/Landmass/Content/Landscape/BlueprintBrushes/Materials/Internal/BrushBounds.uexp" 1195
"../../../Engine/Content/EditorResources/S_Terrain.ubulk" 1196
"../../../Engine/Content/EditorResources/S_Terrain.uasset" 1197
"../../../Engine/Content/EditorResources/S_Terrain.uexp" 1198
"../../../Engine/Content/Functions/Engine_MaterialFunctions02/WorldPositionOffset/ComponentPivotLocation.uasset" 1199
"../../../Engine/Content/Functions/Engine_MaterialFunctions02/WorldPositionOffset/ComponentPivotLocation.uexp" 1200
"../../../Engine/Content/Functions/Engine_MaterialFunctions02/WorldPositionOffset/Sprite.uasset" 1201
"../../../Engine/Content/Functions/Engine_MaterialFunctions02/WorldPositionOffset/Sprite.uexp" 1202
"../../../Engine/Plugins/Experimental/Landmass/Content/Landscape/BlueprintBrushes/Materials/Sprite/M_BrushSprite_01.uasset" 1203
"../../../Engine/Plugins/Experimental/Landmass/Content/Landscape/BlueprintBrushes/Materials/Sprite/M_BrushSprite_01.uexp" 1204
"../../../Engine/Plugins/Interchange/Assets/Content/gltf/MaterialInstances/MI_Default_Opaque_DS.uasset" 1205
"../../../Engine/Plugins/Interchange/Assets/Content/gltf/MaterialInstances/MI_Default_Opaque_DS.uexp" 1206
"C:/Users/zegam/source/repos/projeto-integrador-pe01-unrealengine-2026/Content/Fab/Clown_Fish_Low_Poly_Animated/clown_fish_low_poly_animated/Textures/clown_fish_low_poly_animated_texture_0.uasset" 1207
"C:/Users/zegam/source/repos/projeto-integrador-pe01-unrealengine-2026/Content/Fab/Clown_Fish_Low_Poly_Animated/clown_fish_low_poly_animated/Textures/clown_fish_low_poly_animated_texture_0.uexp" 1208
"C:/Users/zegam/source/repos/projeto-integrador-pe01-unrealengine-2026/Content/Fab/Clown_Fish_Low_Poly_Animated/clown_fish_low_poly_animated/Materials/fishclown.uasset" 1209
"C:/Users/zegam/source/repos/projeto-integrador-pe01-unrealengine-2026/Content/Fab/Clown_Fish_Low_Poly_Animated/clown_fish_low_poly_animated/Materials/fishclown.uexp" 1210
"C:/Users/zegam/source/repos/projeto-integrador-pe01-unrealengine-2026/Content/Fab/Clown_Fish_Low_Poly_Animated/clown_fish_low_poly_animated/SkeletalMeshes/clown_fish_low_poly_animated_PhysicsAsset.uasset" 1211
"C:/Users/zegam/source/repos/projeto-integrador-pe01-unrealengine-2026/Content/Fab/Clown_Fish_Low_Poly_Animated/clown_fish_low_poly_animated/SkeletalMeshes/clown_fish_low_poly_animated_PhysicsAsset.uexp" 1212
"C:/Users/zegam/source/repos/projeto-integrador-pe01-unrealengine-2026/Content/Fab/Clown_Fish_Low_Poly_Animated/clown_fish_low_poly_animated/SkeletalMeshes/clown_fish_low_poly_animated.uasset" 1213
"C:/Users/zegam/source/repos/projeto-integrador-pe01-unrealengine-2026/Content/Fab/Clown_Fish_Low_Poly_Animated/clown_fish_low_poly_animated/SkeletalMeshes/clown_fish_low_poly_animated.uexp" 1214
"../../../Engine/Content/MobileResources/HUD/VirtualJoystick_Background.uasset" 1215
"../../../Engine/Content/MobileResources/HUD/VirtualJoystick_Background.uexp" 1216
"../../../Engine/Content/MobileResources/HUD/VirtualJoystick_Thumb.uasset" 1217
"../../../Engine/Content/MobileResources/HUD/VirtualJoystick_Thumb.uexp" 1218
"../../../Engine/Content/MobileResources/HUD/DefaultVirtualJoysticks.uasset" 1219
"../../../Engine/Content/MobileResources/HUD/DefaultVirtualJoysticks.uexp" 1220
"../../../Engine/Plugins/Experimental/Water/Content/Materials/MPC/MPC_Water.uasset" 1221
"../../../Engine/Plugins/Experimental/Water/Content/Materials/MPC/MPC_Water.uexp" 1222
"../../../Engine/Plugins/2D/Paper2D/Content/DefaultSpriteMaterial.uasset" 1223
"../../../Engine/Plugins/2D/Paper2D/Content/DefaultSpriteMaterial.uexp" 1224
"../../../Engine/Plugins/2D/Paper2D/Content/MaskedUnlitSpriteMaterial.uasset" 1225
"../../../Engine/Plugins/2D/Paper2D/Content/MaskedUnlitSpriteMaterial.uexp" 1226
"../../../Engine/Plugins/2D/Paper2D/Content/OpaqueUnlitSpriteMaterial.uasset" 1227
"../../../Engine/Plugins/2D/Paper2D/Content/OpaqueUnlitSpriteMaterial.uexp" 1228
"../../../Engine/Plugins/Animation/ControlRig/Content/M_Manip.uasset" 1229
"../../../Engine/Plugins/Animation/ControlRig/Content/M_Manip.uexp" 1230
"../../../Engine/Plugins/Media/MediaPlate/Content/SM_MediaPlateScreen.ubulk" 1231
"../../../Engine/Plugins/Media/MediaPlate/Content/SM_MediaPlateScreen.uasset" 1232
"../../../Engine/Plugins/Media/MediaPlate/Content/SM_MediaPlateScreen.uexp" 1233
"../../../Engine/Plugins/NNE/NNEDenoiser/Content/NNEDIM_ColorAlbedoNormal_Alpha.uasset" 1234
"../../../Engine/Plugins/NNE/NNEDenoiser/Content/NNEDIM_ColorAlbedoNormal_Alpha.uexp" 1235
"../../../Engine/Plugins/NNE/NNEDenoiser/Content/NNEDIM_ColorAlbedoNormal_Default.uasset" 1236
"../../../Engine/Plugins/NNE/NNEDenoiser/Content/NNEDIM_ColorAlbedoNormal_Default.uexp" 1237
"../../../Engine/Plugins/NNE/NNEDenoiser/Content/NNEDIM_HighQuality_Alpha.uasset" 1238
"../../../Engine/Plugins/NNE/NNEDenoiser/Content/NNEDIM_HighQuality_Alpha.uexp" 1239
"../../../Engine/Plugins/NNE/NNEDenoiser/Content/NNEDIM_HighQuality_Default.uasset" 1240
"../../../Engine/Plugins/NNE/NNEDenoiser/Content/NNEDIM_HighQuality_Default.uexp" 1241
"../../../Engine/Plugins/NNE/NNEDenoiser/Content/NNEDOM_Output_Alpha.uasset" 1242
"../../../Engine/Plugins/NNE/NNEDenoiser/Content/NNEDOM_Output_Alpha.uexp" 1243
"../../../Engine/Plugins/NNE/NNEDenoiser/Content/NNEDOM_Output_Default.uasset" 1244
"../../../Engine/Plugins/NNE/NNEDenoiser/Content/NNEDOM_Output_Default.uexp" 1245
"../../../Engine/Plugins/NNE/NNEDenoiser/Content/NNEDTIM_ColorAlbedoNormal_Alpha.uasset" 1246
"../../../Engine/Plugins/NNE/NNEDenoiser/Content/NNEDTIM_ColorAlbedoNormal_Alpha.uexp" 1247
"../../../Engine/Plugins/NNE/NNEDenoiser/Content/NNEDTIM_ColorAlbedoNormal_Default.uasset" 1248
"../../../Engine/Plugins/NNE/NNEDenoiser/Content/NNEDTIM_ColorAlbedoNormal_Default.uexp" 1249
"../../../Engine/Plugins/NNE/NNEDenoiser/Content/NNEDTOM_Output_Alpha.uasset" 1250
"../../../Engine/Plugins/NNE/NNEDenoiser/Content/NNEDTOM_Output_Alpha.uexp" 1251
"../../../Engine/Plugins/NNE/NNEDenoiser/Content/NNEDTOM_Output_Default.uasset" 1252
"../../../Engine/Plugins/NNE/NNEDenoiser/Content/NNEDTOM_Output_Default.uexp" 1253
"../../../Engine/Plugins/NNE/NNEDenoiser/Content/NNEDT_Oidn2-3_Balanced.uasset" 1254
"../../../Engine/Plugins/NNE/NNEDenoiser/Content/NNEDT_Oidn2-3_Balanced.uexp" 1255
"../../../Engine/Plugins/NNE/NNEDenoiser/Content/NNEDT_Oidn2-3_Balanced_Alpha.uasset" 1256
"../../../Engine/Plugins/NNE/NNEDenoiser/Content/NNEDT_Oidn2-3_Balanced_Alpha.uexp" 1257
"../../../Engine/Plugins/NNE/NNEDenoiser/Content/NNED_Oidn2-3_Balanced.uasset" 1258
"../../../Engine/Plugins/NNE/NNEDenoiser/Content/NNED_Oidn2-3_Balanced.uexp" 1259
"../../../Engine/Plugins/NNE/NNEDenoiser/Content/NNED_Oidn2-3_Balanced_Alpha.uasset" 1260
"../../../Engine/Plugins/NNE/NNEDenoiser/Content/NNED_Oidn2-3_Balanced_Alpha.uexp" 1261
"../../../Engine/Plugins/NNE/NNEDenoiser/Content/NNED_Oidn2-3_Fast.uasset" 1262
"../../../Engine/Plugins/NNE/NNEDenoiser/Content/NNED_Oidn2-3_Fast.uexp" 1263
"../../../Engine/Plugins/NNE/NNEDenoiser/Content/NNED_Oidn2-3_Fast_Alpha.uasset" 1264
"../../../Engine/Plugins/NNE/NNEDenoiser/Content/NNED_Oidn2-3_Fast_Alpha.uexp" 1265
"../../../Engine/Plugins/NNE/NNEDenoiser/Content/NNED_Oidn2-3_HighQuality.uasset" 1266
"../../../Engine/Plugins/NNE/NNEDenoiser/Content/NNED_Oidn2-3_HighQuality.uexp" 1267
"../../../Engine/Plugins/NNE/NNEDenoiser/Content/NNED_Oidn2-3_HighQuality_Alpha.uasset" 1268
"../../../Engine/Plugins/NNE/NNEDenoiser/Content/NNED_Oidn2-3_HighQuality_Alpha.uexp" 1269
"../../../Engine/Plugins/NNE/NNEDenoiser/Content/NNE_oidn2-3-0_rt_hdr_alb_nrm_small__dyn__fp16_opset11_DenoiseAlpha.uasset" 1270
"../../../Engine/Plugins/NNE/NNEDenoiser/Content/NNE_oidn2-3-0_rt_hdr_alb_nrm_small__dyn__fp16_opset11_DenoiseAlpha.uexp" 1271
"../../../Engine/Plugins/NNE/NNEDenoiser/Content/NNE_oidn2-3-0_rt_hdr_alb_nrm_small__dyn__fp16_opset11_ForwardAlpha.uasset" 1272
"../../../Engine/Plugins/NNE/NNEDenoiser/Content/NNE_oidn2-3-0_rt_hdr_alb_nrm_small__dyn__fp16_opset11_ForwardAlpha.uexp" 1273
"../../../Engine/Plugins/NNE/NNEDenoiser/Content/NNE_oidn2-3-0_rt_hdr_alb_nrm__dyn__fp16_opset11_DenoiseAlpha.uasset" 1274
"../../../Engine/Plugins/NNE/NNEDenoiser/Content/NNE_oidn2-3-0_rt_hdr_alb_nrm__dyn__fp16_opset11_DenoiseAlpha.uexp" 1275
"../../../Engine/Content/Maps/Entry_BuiltData.uasset" 1276
"../../../Engine/Content/Maps/Entry_BuiltData.uexp" 1277
"../../../Engine/Content/Maps/Entry.uexp" 1278
"../../../Engine/Content/Maps/Entry.umap" 1279
"C:/Users/zegam/source/repos/projeto-integrador-pe01-unrealengine-2026/Content/BP_Corals.uasset" 1280
"C:/Users/zegam/source/repos/projeto-integrador-pe01-unrealengine-2026/Content/BP_Corals.uexp" 1281
"C:/Users/zegam/source/repos/projeto-integrador-pe01-unrealengine-2026/Content/BP_OrganismSpawner.uasset" 1282
"C:/Users/zegam/source/repos/projeto-integrador-pe01-unrealengine-2026/Content/BP_OrganismSpawner.uexp" 1283
"C:/Users/zegam/source/repos/projeto-integrador-pe01-unrealengine-2026/Content/BP_PanoramicCamera.uasset" 1284
"C:/Users/zegam/source/repos/projeto-integrador-pe01-unrealengine-2026/Content/BP_PanoramicCamera.uexp" 1285
"C:/Users/zegam/source/repos/projeto-integrador-pe01-unrealengine-2026/Content/BP_Rock.uasset" 1286
"C:/Users/zegam/source/repos/projeto-integrador-pe01-unrealengine-2026/Content/BP_Rock.uexp" 1287
"../../../Engine/Content/EngineResources/GrayLightTextureCube.uasset" 1288
"../../../Engine/Content/EngineResources/GrayLightTextureCube.uexp" 1289
"C:/Users/zegam/source/repos/projeto-integrador-pe01-unrealengine-2026/Content/caustics/noise.uasset" 1290
"C:/Users/zegam/source/repos/projeto-integrador-pe01-unrealengine-2026/Content/caustics/noise.uexp" 1291
"C:/Users/zegam/source/repos/projeto-integrador-pe01-unrealengine-2026/Content/caustics/caustic.uasset" 1292
"C:/Users/zegam/source/repos/projeto-integrador-pe01-unrealengine-2026/Content/caustics/caustic.uexp" 1293
"C:/Users/zegam/source/repos/projeto-integrador-pe01-unrealengine-2026/Content/plant/algae/pica4.ubulk" 1294
"C:/Users/zegam/source/repos/projeto-integrador-pe01-unrealengine-2026/Content/plant/algae/pica4.uasset" 1295
"C:/Users/zegam/source/repos/projeto-integrador-pe01-unrealengine-2026/Content/plant/algae/pica4.uexp" 1296
"C:/Users/zegam/source/repos/projeto-integrador-pe01-unrealengine-2026/Content/plant/algae/Redd.uasset" 1297
"C:/Users/zegam/source/repos/projeto-integrador-pe01-unrealengine-2026/Content/plant/algae/Redd.uexp" 1298
"C:/Users/zegam/source/repos/projeto-integrador-pe01-unrealengine-2026/Content/plant/algae/coral2.ubulk" 1299
"C:/Users/zegam/source/repos/projeto-integrador-pe01-unrealengine-2026/Content/plant/algae/coral2.uasset" 1300
"C:/Users/zegam/source/repos/projeto-integrador-pe01-unrealengine-2026/Content/plant/algae/coral2.uexp" 1301
"C:/Users/zegam/source/repos/projeto-integrador-pe01-unrealengine-2026/Content/plant/algae/Grenn.uasset" 1302
"C:/Users/zegam/source/repos/projeto-integrador-pe01-unrealengine-2026/Content/plant/algae/Grenn.uexp" 1303
"C:/Users/zegam/source/repos/projeto-integrador-pe01-unrealengine-2026/Content/plant/algae/coral3.ubulk" 1304
"C:/Users/zegam/source/repos/projeto-integrador-pe01-unrealengine-2026/Content/plant/algae/coral3.uasset" 1305
"C:/Users/zegam/source/repos/projeto-integrador-pe01-unrealengine-2026/Content/plant/algae/coral3.uexp" 1306
"C:/Users/zegam/source/repos/projeto-integrador-pe01-unrealengine-2026/Content/plant/algae/Yelloww.uasset" 1307
"C:/Users/zegam/source/repos/projeto-integrador-pe01-unrealengine-2026/Content/plant/algae/Yelloww.uexp" 1308
"C:/Users/zegam/source/repos/projeto-integrador-pe01-unrealengine-2026/Content/plant/algae/coral4.ubulk" 1309
"C:/Users/zegam/source/repos/projeto-integrador-pe01-unrealengine-2026/Content/plant/algae/coral4.uasset" 1310
"C:/Users/zegam/source/repos/projeto-integrador-pe01-unrealengine-2026/Content/plant/algae/coral4.uexp" 1311
"../../../Engine/Plugins/Fab/Content/MaterialFunctions/QMF_AOAdjustments.uasset" 1312
"../../../Engine/Plugins/Fab/Content/MaterialFunctions/QMF_AOAdjustments.uexp" 1313
"../../../Engine/Plugins/Fab/Content/MaterialFunctions/QMF_BaseColorAdjustments.uasset" 1314
"../../../Engine/Plugins/Fab/Content/MaterialFunctions/QMF_BaseColorAdjustments.uexp" 1315
"../../../Engine/Plugins/Fab/Content/MaterialFunctions/QMF_NormalAdjustments.uasset" 1316
"../../../Engine/Plugins/Fab/Content/MaterialFunctions/QMF_NormalAdjustments.uexp" 1317
"../../../Engine/Plugins/Fab/Content/MaterialFunctions/QMF_RoughnessAdjustments.uasset" 1318
"../../../Engine/Plugins/Fab/Content/MaterialFunctions/QMF_RoughnessAdjustments.uexp" 1319
"../../../Engine/Plugins/Fab/Content/Textures/Standard/T_DefaultColor.uasset" 1320
"../../../Engine/Plugins/Fab/Content/Textures/Standard/T_DefaultColor.uexp" 1321
"../../../Engine/Plugins/Fab/Content/Textures/Standard/T_DefaultDisplacement.uasset" 1322
"../../../Engine/Plugins/Fab/Content/Textures/Standard/T_DefaultDisplacement.uexp" 1323
"../../../Engine/Plugins/Fab/Content/Textures/Standard/T_DefaultMasks.uasset" 1324
"../../../Engine/Plugins/Fab/Content/Textures/Standard/T_DefaultMasks.uexp" 1325
"../../../Engine/Plugins/Fab/Content/Textures/Standard/T_DefaultNormal.uasset" 1326
"../../../Engine/Plugins/Fab/Content/Textures/Standard/T_DefaultNormal.uexp" 1327
"../../../Engine/Plugins/Fab/Content/Materials/Standard/M_MS_Base.uasset" 1328
"../../../Engine/Plugins/Fab/Content/Materials/Standard/M_MS_Base.uexp" 1329
"C:/Users/zegam/source/repos/projeto-integrador-pe01-unrealengine-2026/Content/Fab/Megascans/3D/Nordic_Beach_Rock_vgjjbfvmw/Low/vgjjbfvmw_tier_3/Textures/T_vgjjbfvmw_1K_B.ubulk" 1330
"C:/Users/zegam/source/repos/projeto-integrador-pe01-unrealengine-2026/Content/Fab/Megascans/3D/Nordic_Beach_Rock_vgjjbfvmw/Low/vgjjbfvmw_tier_3/Textures/T_vgjjbfvmw_1K_B.uasset" 1331
"C:/Users/zegam/source/repos/projeto-integrador-pe01-unrealengine-2026/Content/Fab/Megascans/3D/Nordic_Beach_Rock_vgjjbfvmw/Low/vgjjbfvmw_tier_3/Textures/T_vgjjbfvmw_1K_B.uexp" 1332
"C:/Users/zegam/source/repos/projeto-integrador-pe01-unrealengine-2026/Content/Fab/Megascans/3D/Nordic_Beach_Rock_vgjjbfvmw/Low/vgjjbfvmw_tier_3/Textures/T_vgjjbfvmw_1K_N.ubulk" 1333
"C:/Users/zegam/source/repos/projeto-integrador-pe01-unrealengine-2026/Content/Fab/Megascans/3D/Nordic_Beach_Rock_vgjjbfvmw/Low/vgjjbfvmw_tier_3/Textures/T_vgjjbfvmw_1K_N.uasset" 1334
"C:/Users/zegam/source/repos/projeto-integrador-pe01-unrealengine-2026/Content/Fab/Megascans/3D/Nordic_Beach_Rock_vgjjbfvmw/Low/vgjjbfvmw_tier_3/Textures/T_vgjjbfvmw_1K_N.uexp" 1335
"C:/Users/zegam/source/repos/projeto-integrador-pe01-unrealengine-2026/Content/Fab/Megascans/3D/Nordic_Beach_Rock_vgjjbfvmw/Low/vgjjbfvmw_tier_3/Textures/T_vgjjbfvmw_1K_ORM.ubulk" 1336
"C:/Users/zegam/source/repos/projeto-integrador-pe01-unrealengine-2026/Content/Fab/Megascans/3D/Nordic_Beach_Rock_vgjjbfvmw/Low/vgjjbfvmw_tier_3/Textures/T_vgjjbfvmw_1K_ORM.uasset" 1337
"C:/Users/zegam/source/repos/projeto-integrador-pe01-unrealengine-2026/Content/Fab/Megascans/3D/Nordic_Beach_Rock_vgjjbfvmw/Low/vgjjbfvmw_tier_3/Textures/T_vgjjbfvmw_1K_ORM.uexp" 1338
"C:/Users/zegam/source/repos/projeto-integrador-pe01-unrealengine-2026/Content/Fab/Megascans/3D/Nordic_Beach_Rock_vgjjbfvmw/Low/vgjjbfvmw_tier_3/Materials/MI_vgjjbfvmw.uasset" 1339
"C:/Users/zegam/source/repos/projeto-integrador-pe01-unrealengine-2026/Content/Fab/Megascans/3D/Nordic_Beach_Rock_vgjjbfvmw/Low/vgjjbfvmw_tier_3/Materials/MI_vgjjbfvmw.uexp" 1340
"C:/Users/zegam/source/repos/projeto-integrador-pe01-unrealengine-2026/Content/Fab/Megascans/3D/Nordic_Beach_Rock_vgjjbfvmw/Low/vgjjbfvmw_tier_3/StaticMeshes/vgjjbfvmw_tier_3.ubulk" 1341
"C:/Users/zegam/source/repos/projeto-integrador-pe01-unrealengine-2026/Content/Fab/Megascans/3D/Nordic_Beach_Rock_vgjjbfvmw/Low/vgjjbfvmw_tier_3/StaticMeshes/vgjjbfvmw_tier_3.uasset" 1342
"C:/Users/zegam/source/repos/projeto-integrador-pe01-unrealengine-2026/Content/Fab/Megascans/3D/Nordic_Beach_Rock_vgjjbfvmw/Low/vgjjbfvmw_tier_3/StaticMeshes/vgjjbfvmw_tier_3.uexp" 1343
"C:/Users/zegam/source/repos/projeto-integrador-pe01-unrealengine-2026/Content/Map/OceanLevel.uexp" 1344
"C:/Users/zegam/source/repos/projeto-integrador-pe01-unrealengine-2026/Content/Map/OceanLevel.umap" 1345
